{"stats":{"minecraft:broken":{"minecraft:stone_pickaxe":1},"minecraft:killed":{"minecraft:witch":4,"minecraft:spider":3,"minecraft:skeleton":5,"wan_ancient_beasts:toxlacanth":1,"minecraft:chicken":11,"minecraft:tropical_fish":3,"minecraft:pig":4,"minecraft:creeper":1,"minecraft:zombie":6,"minecraft:cow":4},"minecraft:used":{"minecraft:stone_sword":129,"minecraft:tropical_fish":3,"minecraft:shield":15,"hexerei:courier_letter":1,"minecraft:cooked_chicken":10,"minecraft:rotten_flesh":4,"minecraft:iron_chestplate":1,"minecraft:torch":8,"minecraft:dirt":1,"minecraft:lily_of_the_valley":1,"minecraft:wooden_axe":11,"minecraft:iron_helmet":1,"minecraft:furnace":3,"minecraft:cooked_beef":2,"minecraft:egg":2,"minecraft:light_gray_bed":2,"hexerei:witch_hazel_drying_rack":1,"minecraft:iron_leggings":1,"wan_ancient_beasts:cooked_toxlacanth":2,"minecraft:water_bucket":2,"minecraft:diorite":7,"minecraft:birch_planks":1,"minecraft:stone_pickaxe":203,"minecraft:wooden_pickaxe":7,"minecraft:crafting_table":10,"minecraft:apple":3,"minecraft:bread":3,"minecraft:iron_pickaxe":92,"minecraft:stone_axe":32,"minecraft:cobblestone":11,"minecraft:cooked_porkchop":1,"minecraft:bucket":3},"minecraft:custom":{"minecraft:mob_kills":43,"minecraft:interact_with_crafting_table":19,"minecraft:open_barrel":13,"minecraft:leave_game":1,"minecraft:time_since_death":65886,"minecraft:climb_one_cm":3069,"minecraft:sprint_one_cm":144287,"minecraft:walk_one_cm":251448,"minecraft:damage_blocked_by_shield":470,"minecraft:drop":31,"minecraft:play_time":65886,"minecraft:sneak_time":6197,"minecraft:walk_under_water_one_cm":20919,"minecraft:jump":1222,"minecraft:interact_with_blast_furnace":7,"minecraft:walk_on_water_one_cm":14463,"minecraft:total_world_time":65886,"minecraft:interact_with_furnace":33,"minecraft:sleep_in_bed":1,"minecraft:time_since_rest":55130,"minecraft:damage_taken":1261,"minecraft:damage_dealt":5519,"minecraft:swim_one_cm":7961,"minecraft:fly_one_cm":151617,"minecraft:open_chest":12,"minecraft:crouch_one_cm":17571,"minecraft:fall_one_cm":22970},"minecraft:dropped":{"minecraft:iron_ingot":1,"minecraft:bread":1,"minecraft:birch_planks":11,"minecraft:wheat_seeds":4,"minecraft:cooked_beef":1,"hexerei:pestle_and_mortar":1,"minecraft:apple":4,"minecraft:coal":11,"minecraft:wooden_axe":1,"minecraft:bucket":1,"hexerei:witch_hazel_fence":1,"minecraft:stone_axe":1,"hexerei:sage_seed":3,"hexerei:courier_letter":3,"minecraft:rotten_flesh":1,"minecraft:oak_planks":8,"minecraft:lily_of_the_valley":2,"supplementaries:ash":2,"minecraft:gunpowder":1,"hexerei:witch_hazel_altar":1,"minecraft:andesite":2,"minecraft:wooden_pickaxe":2},"minecraft:crafted":{"minecraft:oak_planks":20,"wan_ancient_beasts:cooked_toxlacanth":1,"minecraft:cooked_chicken":10,"minecraft:stone_pickaxe":2,"minecraft:cooked_beef":5,"minecraft:cooked_porkchop":1,"minecraft:crafting_table":3,"minecraft:wooden_pickaxe":1,"minecraft:iron_helmet":1,"minecraft:bucket":2,"minecraft:birch_planks":60,"minecraft:stone_axe":1,"minecraft:bread":4,"minecraft:air":0,"minecraft:iron_chestplate":1,"minecraft:shield":1,"minecraft:stick":16,"minecraft:iron_ingot":17,"minecraft:wooden_axe":1,"minecraft:stone_sword":1,"minecraft:iron_leggings":1,"minecraft:torch":4},"minecraft:picked_up":{"minecraft:crafting_table":8,"minecraft:chicken":10,"minecraft:wooden_pickaxe":1,"minecraft:string":6,"minecraft:cobbled_deepslate":18,"hexerei:courier_letter":12,"minecraft:beef":5,"minecraft:furnace":3,"minecraft:egg":2,"minecraft:raw_iron":31,"minecraft:stick":6,"minecraft:torch":4,"minecraft:porkchop":9,"minecraft:diorite":7,"minecraft:redstone":8,"hexerei:witch_hazel_fence":1,"hexerei:sage_seed":3,"minecraft:stone_sword":2,"minecraft:light_gray_bed":3,"minecraft:arrow":5,"minecraft:rotten_flesh":5,"minecraft:tropical_fish":3,"supplementaries:ash":2,"wan_ancient_beasts:cooked_toxlacanth":1,"minecraft:cobblestone":210,"minecraft:birch_log":15,"minecraft:feather":8,"minecraft:cooked_beef":1,"minecraft:andesite":2,"minecraft:leather":5,"hexerei:witch_hazel_drying_rack":1,"minecraft:oak_log":5,"minecraft:gunpowder":1,"minecraft:lapis_lazuli":15,"minecraft:dirt":1,"minecraft:bone":12,"hexerei:wax_blend":6,"hexerei:pestle_and_mortar":1,"minecraft:wheat_seeds":4,"minecraft:raw_gold":1,"minecraft:iron_ingot":1,"minecraft:glowstone_dust":2,"minecraft:oak_planks":22,"minecraft:iron_sword":1,"hexerei:animal_fat":3,"minecraft:cooked_porkchop":1,"minecraft:lily_of_the_valley":3,"hexerei:witch_hazel_altar":1,"minecraft:stone_axe":1,"waystones:waystone":1,"minecraft:bone_meal":1,"minecraft:emerald":6,"wan_ancient_beasts:toxlacanth":2,"minecraft:coal":48},"minecraft:mined":{"minecraft:light_gray_bed":3,"hexerei:witch_hazel_fence":1,"minecraft:furnace":3,"minecraft:iron_ore":3,"minecraft:andesite":5,"minecraft:deepslate_lapis_ore":2,"minecraft:deepslate_iron_ore":24,"minecraft:stone":187,"hexerei:witch_hazel_altar":1,"hexerei:witch_hazel_drying_rack":2,"minecraft:deepslate_redstone_ore":2,"minecraft:lily_of_the_valley":1,"minecraft:crafting_table":8,"minecraft:cobblestone":1,"minecraft:diorite":10,"minecraft:wall_torch":4,"supplementaries:urn":3,"hexerei:pestle_and_mortar":1,"minecraft:birch_log":15,"minecraft:birch_leaves":3,"minecraft:grass":44,"minecraft:coal_ore":45,"minecraft:oak_log":6,"minecraft:gold_ore":1,"minecraft:oak_leaves":7,"minecraft:deepslate":15}},"DataVersion":3465}