{"stats":{"minecraft:broken":{"minecraft:stone_pickaxe":1,"minecraft:iron_pickaxe":1},"minecraft:killed":{"minecraft:witch":5,"minecraft:spider":5,"minecraft:skeleton":6,"wan_ancient_beasts:toxlacanth":1,"minecraft:chicken":14,"minecraft:tropical_fish":3,"minecraft:pig":4,"minecraft:creeper":1,"minecraft:zombie":8,"minecraft:cow":8},"minecraft:used":{"minecraft:stone_sword":139,"minecraft:tropical_fish":3,"minecraft:shield":18,"minecraft:iron_sword":17,"hexerei:courier_letter":1,"minecraft:cooked_chicken":10,"minecraft:rotten_flesh":4,"minecraft:iron_chestplate":1,"minecraft:torch":8,"hexerei:coffer":4,"minecraft:dirt":1,"minecraft:lily_of_the_valley":1,"minecraft:golden_shovel":4,"minecraft:wooden_axe":11,"minecraft:iron_helmet":1,"minecraft:furnace":6,"minecraft:cooked_beef":5,"minecraft:egg":2,"minecraft:light_gray_bed":4,"hexerei:witch_hazel_drying_rack":1,"minecraft:iron_leggings":1,"wan_ancient_beasts:cooked_toxlacanth":2,"minecraft:water_bucket":7,"minecraft:diorite":7,"minecraft:birch_planks":1,"minecraft:stone_pickaxe":222,"minecraft:wooden_pickaxe":7,"artifacts:eternal_steak":5,"minecraft:crafting_table":13,"waystones:waystone":1,"minecraft:apple":3,"wan_ancient_beasts:surfer_egg":1,"minecraft:bread":3,"minecraft:stone_button":3,"minecraft:iron_pickaxe":250,"minecraft:stone_axe":69,"minecraft:cobblestone":19,"minecraft:cooked_porkchop":1,"minecraft:bucket":8},"minecraft:custom":{"minecraft:mob_kills":58,"minecraft:interact_with_crafting_table":31,"minecraft:open_barrel":13,"minecraft:leave_game":1,"minecraft:time_since_death":101886,"minecraft:climb_one_cm":3900,"minecraft:sprint_one_cm":234312,"minecraft:walk_one_cm":348639,"minecraft:damage_blocked_by_shield":650,"minecraft:drop":43,"minecraft:talked_to_villager":4,"minecraft:play_time":101886,"minecraft:sneak_time":9904,"minecraft:walk_under_water_one_cm":23462,"minecraft:jump":2189,"minecraft:interact_with_blast_furnace":7,"minecraft:walk_on_water_one_cm":18932,"minecraft:total_world_time":101886,"minecraft:interact_with_furnace":42,"minecraft:traded_with_villager":1,"minecraft:sleep_in_bed":2,"minecraft:time_since_rest":13992,"minecraft:damage_taken":1529,"minecraft:damage_dealt":7500,"minecraft:swim_one_cm":9294,"minecraft:fly_one_cm":389347,"minecraft:open_chest":20,"minecraft:crouch_one_cm":26319,"waystones:waystone_activated":2,"minecraft:fall_one_cm":54143},"minecraft:dropped":{"minecraft:iron_ingot":1,"minecraft:bread":1,"minecraft:birch_planks":11,"minecraft:wheat_seeds":4,"minecraft:cooked_beef":1,"hexerei:pestle_and_mortar":1,"minecraft:feather":11,"minecraft:apple":4,"minecraft:coal":11,"minecraft:stone_button":5,"minecraft:wooden_axe":1,"minecraft:bucket":1,"hexerei:witch_hazel_fence":1,"minecraft:redstone":8,"minecraft:stone_axe":1,"hexerei:sage_seed":3,"minecraft:stone_sword":1,"hexerei:courier_letter":3,"minecraft:rotten_flesh":5,"minecraft:oak_planks":8,"minecraft:azure_bluet":1,"artifacts:everlasting_beef":1,"minecraft:lily_of_the_valley":2,"supplementaries:ash":2,"minecraft:gunpowder":1,"hexerei:witch_hazel_altar":1,"minecraft:andesite":2,"minecraft:stone_pickaxe":1,"minecraft:wooden_pickaxe":2,"waystones:waystone":1},"minecraft:crafted":{"artifacts:eternal_steak":1,"minecraft:oak_planks":108,"wan_ancient_beasts:cooked_toxlacanth":1,"minecraft:cooked_chicken":10,"minecraft:furnace":2,"wan_ancient_beasts:surfer_egg":1,"minecraft:stone_pickaxe":3,"minecraft:cooked_beef":5,"minecraft:cooked_porkchop":1,"minecraft:crafting_table":4,"minecraft:wooden_pickaxe":1,"minecraft:iron_helmet":1,"minecraft:golden_shovel":1,"minecraft:bucket":2,"minecraft:birch_planks":60,"minecraft:stone_axe":1,"minecraft:bread":4,"minecraft:air":0,"minecraft:iron_chestplate":1,"minecraft:shield":1,"minecraft:stick":20,"minecraft:iron_ingot":17,"minecraft:wooden_axe":1,"minecraft:stone_sword":1,"minecraft:gold_ingot":18,"minecraft:iron_leggings":1,"minecraft:torch":4,"minecraft:shears":1},"minecraft:picked_up":{"minecraft:crafting_table":10,"minecraft:azure_bluet":1,"minecraft:chicken":13,"minecraft:wooden_pickaxe":1,"minecraft:gold_block":2,"minecraft:string":6,"minecraft:cobbled_deepslate":18,"hexerei:courier_letter":12,"minecraft:beef":14,"minecraft:furnace":4,"minecraft:egg":2,"minecraft:raw_iron":63,"minecraft:stick":12,"minecraft:torch":4,"minecraft:porkchop":9,"minecraft:stone_button":8,"minecraft:diorite":10,"minecraft:redstone":8,"hexerei:witch_hazel_fence":1,"artifacts:everlasting_beef":2,"hexerei:sage_seed":3,"minecraft:stone_sword":2,"minecraft:light_gray_bed":4,"minecraft:arrow":5,"minecraft:rotten_flesh":9,"minecraft:tropical_fish":3,"supplementaries:ash":2,"wan_ancient_beasts:cooked_toxlacanth":1,"minecraft:white_wool":15,"minecraft:cobblestone":330,"minecraft:birch_log":15,"minecraft:feather":9,"minecraft:cooked_beef":1,"minecraft:andesite":15,"minecraft:leather":9,"hexerei:witch_hazel_drying_rack":1,"minecraft:oak_log":27,"minecraft:gunpowder":1,"minecraft:lapis_lazuli":15,"minecraft:dirt":5,"minecraft:bone":13,"hexerei:wax_blend":6,"hexerei:pestle_and_mortar":1,"minecraft:wheat_seeds":4,"minecraft:raw_gold":1,"minecraft:iron_ingot":2,"minecraft:glowstone_dust":2,"minecraft:oak_planks":22,"minecraft:iron_sword":1,"hexerei:animal_fat":5,"minecraft:cooked_porkchop":1,"minecraft:lily_of_the_valley":3,"hexerei:witch_hazel_altar":1,"minecraft:stone_axe":1,"waystones:waystone":3,"minecraft:bone_meal":1,"minecraft:emerald":7,"wan_ancient_beasts:toxlacanth":2,"minecraft:coal":49},"minecraft:mined":{"minecraft:grass_block":1,"minecraft:light_gray_bed":4,"hexerei:witch_hazel_fence":1,"minecraft:furnace":4,"minecraft:iron_ore":35,"minecraft:andesite":18,"minecraft:deepslate_lapis_ore":2,"minecraft:azure_bluet":1,"minecraft:gold_block":2,"minecraft:deepslate_iron_ore":24,"minecraft:stone":308,"hexerei:witch_hazel_altar":1,"hexerei:witch_hazel_drying_rack":2,"minecraft:deepslate_redstone_ore":2,"minecraft:lily_of_the_valley":1,"minecraft:crafting_table":9,"minecraft:cobblestone":1,"minecraft:diorite":13,"minecraft:wall_torch":4,"supplementaries:urn":3,"hexerei:pestle_and_mortar":1,"minecraft:birch_log":15,"minecraft:birch_leaves":3,"minecraft:grass":49,"minecraft:coal_ore":46,"minecraft:oak_log":29,"minecraft:dirt":3,"minecraft:netherrack":1,"minecraft:gold_ore":1,"minecraft:oak_leaves":7,"minecraft:deepslate":15}},"DataVersion":3465}