{"stats":{"minecraft:broken":{"minecraft:stone_pickaxe":1},"minecraft:killed":{"minecraft:chicken":2},"minecraft:used":{"minecraft:wooden_axe":11,"minecraft:stone_pickaxe":131,"minecraft:wooden_pickaxe":7,"hexerei:courier_letter":1,"minecraft:cooked_chicken":2,"minecraft:stone_axe":1,"minecraft:torch":2,"minecraft:cobblestone":1,"minecraft:crafting_table":4,"minecraft:cooked_porkchop":1,"minecraft:light_gray_bed":1,"hexerei:witch_hazel_drying_rack":1},"minecraft:dropped":{"hexerei:sage_seed":1,"minecraft:wheat_seeds":1,"minecraft:wooden_axe":1,"minecraft:wooden_pickaxe":2},"minecraft:custom":{"minecraft:time_since_rest":7130,"minecraft:interact_with_furnace":3,"minecraft:sprint_one_cm":11450,"minecraft:damage_taken":170,"minecraft:walk_one_cm":99731,"minecraft:mob_kills":2,"minecraft:drop":5,"minecraft:damage_dealt":160,"minecraft:interact_with_crafting_table":7,"minecraft:fly_one_cm":9704,"minecraft:open_barrel":5,"minecraft:open_chest":4,"minecraft:crouch_one_cm":8210,"minecraft:play_time":17886,"minecraft:sneak_time":2287,"minecraft:jump":190,"minecraft:leave_game":1,"minecraft:time_since_death":17886,"minecraft:sleep_in_bed":1,"minecraft:total_world_time":17886,"minecraft:climb_one_cm":1631,"minecraft:fall_one_cm":4814},"minecraft:crafted":{"minecraft:oak_planks":20,"minecraft:crafting_table":2,"minecraft:stick":16,"minecraft:stone_sword":1,"minecraft:wooden_pickaxe":1,"minecraft:cooked_chicken":2,"minecraft:stone_pickaxe":2,"minecraft:wooden_axe":1,"minecraft:torch":4,"minecraft:birch_planks":24,"minecraft:stone_axe":1,"minecraft:air":0},"minecraft:picked_up":{"minecraft:birch_log":6,"minecraft:crafting_table":3,"minecraft:chicken":2,"minecraft:cooked_porkchop":1,"minecraft:torch":1,"minecraft:wooden_pickaxe":1,"hexerei:witch_hazel_drying_rack":1,"minecraft:oak_log":5,"hexerei:sage_seed":1,"minecraft:light_gray_bed":2,"minecraft:wheat_seeds":1,"hexerei:courier_letter":9,"minecraft:coal":3,"minecraft:cobblestone":135},"minecraft:mined":{"hexerei:witch_hazel_drying_rack":1,"minecraft:birch_log":6,"minecraft:birch_leaves":1,"minecraft:crafting_table":3,"minecraft:grass":26,"minecraft:coal_ore":3,"minecraft:oak_log":6,"minecraft:light_gray_bed":2,"minecraft:cobblestone":1,"minecraft:stone":134,"minecraft:wall_torch":1,"minecraft:oak_leaves":4}},"DataVersion":3465}