{"stats":{"minecraft:picked_up":{"minecraft:iron_chestplate":3,"chococraft:loverly_gysahl_green":53,"minecraft:wheat":7,"minecraft:redstone_block":1,"minecraft:smithing_table":4,"minecraft:lead":6,"minecraft:diamond_sword":4,"minecraft:potion":5,"minecraft:enchanted_book":2,"minecraft:string":124,"minecraft:red_nether_bricks":2,"minecraft:experience_bottle":1,"minecraft:beetroot":2,"minecraft:activator_rail":8,"minecraft:red_sand":2,"minecraft:gold_nugget":16,"minecraft:cobbled_deepslate":11,"minecraft:bucket":2,"farmersdelight:cabbage":2,"minecraft:spruce_planks":129,"minecraft:trial_key":16,"minecraft:smooth_quartz":144,"minecraft:iron_pickaxe":3,"minecraft:enchanted_golden_apple":5,"minecraft:melon_slice":97,"minecraft:coal_block":11,"farmersdelight:cabbage_seeds":3,"minecraft:iron_boots":1,"minecraft:furnace":5,"minecraft:tipped_arrow":46,"minecraft:stick":7,"chococraft:chocobo_saddle_bags":2,"minecraft:torch":112,"minecraft:green_bed":15,"minecraft:porkchop":6,"minecraft:pointed_dripstone":42,"minecraft:diorite":23,"travelersbackpack:iron":2,"minecraft:stone_sword":1,"minecraft:honey_bottle":4,"minecraft:rotten_flesh":34,"farmersdelight:onion":36,"supplementaries:antique_ink":2,"minecraft:iron_block":2,"farmersdelight:rope":16,"minecraft:bookshelf":4,"minecraft:end_rod":3,"chococraft:chocobo_drumstick_raw":5,"supplementaries:ash":16,"minecraft:blaze_rod":7,"minecraft:obsidian":15,"minecraft:cod":10,"minecraft:snowball":508,"minecraft:cobblestone":429,"minecraft:cooked_beef":54,"minecraft:repeater":1,"minecraft:iron_door":2,"minecraft:water_bucket":3,"minecraft:andesite":5,"minecraft:chiseled_quartz_block":15,"minecraft:smoker":2,"minecraft:potato":152,"minecraft:flint":10,"minecraft:tuff":72,"minecraft:gray_concrete":2,"minecraft:lapis_lazuli":27,"minecraft:dirt":487,"minecraft:lantern":1,"minecraft:name_tag":1,"minecraft:glass":1,"minecraft:bone":67,"minecraft:chipped_anvil":1,"minecraft:bow":2,"minecraft:stonecutter":1,"minecraft:wheat_seeds":15,"minecraft:raw_gold":4,"minecraft:grindstone":2,"minecraft:bolt_armor_trim_smithing_template":2,"minecraft:fletching_table":1,"minecraft:rabbit":1,"minecraft:oak_planks":4,"duckling:duck_egg":1,"minecraft:cooked_porkchop":12,"minecraft:sand":29,"minecraft:jungle_planks":1,"minecraft:stripped_spruce_log":13,"minecraft:grass_block":2,"minecraft:red_terracotta":9,"morevanillashields:diamond_shield":1,"travelersbackpack:white_sleeping_bag":2,"minecraft:bundle":1,"minecraft:light_gray_concrete":5,"minecraft:dispenser":1,"minecraft:deepslate":543,"minecraft:diamond":13,"minecraft:spruce_boat":2,"waystones:waystone":10,"minecraft:granite":1,"minecraft:crossbow":6,"minecraft:breeze_rod":3,"minecraft:golden_apple":3,"minecraft:emerald":108,"minecraft:bread":196,"minecraft:netherrack":17,"minecraft:light_blue_candle":9,"minecraft:ominous_trial_key":14,"minecraft:diamond_pickaxe":4,"minecraft:coarse_dirt":2,"minecraft:charcoal":55,"minecraft:crafting_table":20,"minecraft:azure_bluet":3,"minecraft:ominous_bottle":3,"minecraft:chicken":2,"minecraft:chest_minecart":2,"minecraft:redstone_lamp":1,"minecraft:gold_block":2,"minecraft:brick":6,"minecraft:shield":3,"minecraft:wind_charge":59,"minecraft:cornflower":3,"minecraft:iron_axe":1,"minecraft:flint_and_steel":2,"minecraft:item_frame":1,"minecraft:compass":2,"minecraft:deepslate_diamond_ore":75,"minecraft:beef":48,"minecraft:cyan_wool":6,"minecraft:observer":2,"minecraft:iron_nugget":65,"minecraft:poppy":4,"minecraft:sugar_cane":16,"minecraft:chest":3,"minecraft:egg":8,"minecraft:raw_iron":36,"minecraft:stone":39,"minecraft:spruce_fence":1,"farmersdelight:tomato_seeds":4,"minecraft:stone_button":4,"minecraft:carrot":9,"minecraft:redstone":9,"minecraft:stone_pressure_plate":1,"minecraft:dark_oak_planks":38,"minecraft:arrow":362,"minecraft:diamond_chestplate":2,"minecraft:decorated_pot":13,"minecraft:pumpkin_pie":2,"minecraft:nether_bricks":6,"minecraft:shears":1,"minecraft:hay_block":52,"minecraft:saddle":3,"minecraft:flow_armor_trim_smithing_template":2,"minecraft:gold_ingot":23,"minecraft:tuff_bricks":1,"minecraft:mutton":9,"minecraft:skeleton_skull":1,"minecraft:white_wool":26,"minecraft:rail":2,"minecraft:glow_ink_sac":2,"minecraft:golden_carrot":11,"travelersbackpack:melon":2,"minecraft:leather":46,"minecraft:red_glazed_terracotta":1,"minecraft:red_mushroom":1,"minecraft:acacia_wood":1,"minecraft:filled_map":5,"minecraft:oak_log":28,"minecraft:gunpowder":17,"minecraft:blue_bed":5,"minecraft:paper":16,"minecraft:cooked_mutton":11,"chococraft:chocobo_feather":117,"chococraft:gysahl_green":991,"minecraft:apple":4,"chococraft:gold_gysahl":29,"minecraft:red_sandstone":4,"minecraft:rabbit_hide":4,"minecraft:iron_ingot":54,"minecraft:polished_tuff_slab":1,"minecraft:cooked_chicken":7,"artifacts:kitty_slippers":1,"minecraft:glass_bottle":1,"minecraft:iron_sword":2,"minecraft:dark_oak_stairs":8,"minecraft:book":154,"minecraft:scaffolding":2,"minecraft:sculk":11,"minecraft:nether_quartz_ore":23,"chococraft:gysahl_green_seeds":257,"minecraft:blast_furnace":4,"minecraft:white_bed":2,"minecraft:spruce_log":23,"minecraft:spider_eye":11,"minecraft:polished_tuff":3,"minecraft:leather_helmet":1,"minecraft:pumpkin_seeds":8,"minecraft:polished_diorite_stairs":1,"minecraft:diamond_shovel":3,"minecraft:coal_ore":1,"minecraft:slime_ball":6,"minecraft:polished_diorite":1,"minecraft:stone_axe":1,"chococraft:chocobo_whistle":3,"minecraft:iron_helmet":1,"minecraft:redstone_ore":4,"minecraft:diamond_axe":6,"minecraft:painting":10,"minecraft:red_nether_brick_slab":2,"minecraft:baked_potato":10,"minecraft:damaged_anvil":3,"minecraft:dark_oak_wood":8,"minecraft:coal":214,"minecraft:chiseled_tuff_bricks":6},"minecraft:crafted":{"minecraft:oak_planks":112,"chococraft:chocobo_whistle":1,"travelersbackpack:crafting_upgrade":1,"minecraft:cooked_chicken":2,"minecraft:diamond_shovel":1,"minecraft:bookshelf":16,"minecraft:cooked_mutton":9,"minecraft:glass":13,"minecraft:diamond_helmet":1,"minecraft:diamond_leggings":1,"minecraft:iron_boots":1,"minecraft:chest":6,"minecraft:cooked_rabbit":1,"travelersbackpack:iron_tier_upgrade":1,"minecraft:cooked_porkchop":6,"minecraft:crafting_table":10,"minecraft:spruce_planks":144,"minecraft:iron_helmet":1,"travelersbackpack:standard":4,"minecraft:smithing_table":1,"chococraft:chocopedia":1,"betterarcheology:bomb":1,"minecraft:book":1,"minecraft:paper":3,"minecraft:shield":2,"minecraft:stick":12,"minecraft:iron_ingot":15,"minecraft:gold_ingot":18,"minecraft:shears":1,"chococraft:chocobo_saddle_pack":1,"minecraft:iron_nugget":9,"minecraft:diamond_hoe":1,"minecraft:furnace":1,"minecraft:bone_meal":19,"travelersbackpack:blank_upgrade":8,"travelersbackpack:gold_tier_upgrade":1,"chococraft:chocobo_saddle_bags":1,"travelersbackpack:white_sleeping_bag":3,"minecraft:diamond_boots":1,"travelersbackpack:furnace_upgrade":1,"minecraft:spruce_boat":1,"minecraft:dark_oak_planks":32,"minecraft:lead":2,"travelersbackpack:diamond_tier_upgrade":1,"minecraft:wheat":390,"minecraft:cooked_beef":7,"minecraft:enchanting_table":1,"travelersbackpack:backpack_tank":2,"minecraft:bucket":2,"minecraft:stone_axe":1,"minecraft:bread":132,"minecraft:air":32,"minecraft:golden_apple":1,"minecraft:iron_leggings":1,"chococraft:chocobo_saddle":4,"minecraft:diamond_chestplate":1},"minecraft:killed":{"minecraft:cave_spider":30,"minecraft:spider":32,"minecraft:skeleton":44,"artifacts:mimic":1,"minecraft:magma_cube":5,"minecraft:creeper":9,"minecraft:pillager":14,"minecraft:goat":1,"minecraft:zombie":68,"minecraft:stray":43,"minecraft:cow":18,"minecraft:blaze":15,"chococraft:chocobo":3,"creepycreepers:tuff_creeper":2,"minecraft:horse":15,"minecraft:rabbit":4,"minecraft:ravager":1,"minecraft:wither_skeleton":3,"minecraft:enderman":2},"minecraft:used":{"minecraft:red_sand":2,"minecraft:diamond_hoe":959,"minecraft:chest":4,"minecraft:decorated_pot":12,"minecraft:shield":134,"minecraft:iron_sword":205,"minecraft:iron_chestplate":1,"minecraft:jungle_planks":1,"travelersbackpack:iron":1,"minecraft:obsidian":12,"minecraft:snowball":50,"minecraft:spruce_boat":2,"minecraft:lava_bucket":1,"minecraft:lantern":1,"minecraft:grass_block":1,"minecraft:iron_helmet":1,"minecraft:ominous_bottle":1,"minecraft:furnace":2,"minecraft:polished_diorite_stairs":1,"minecraft:egg":5,"minecraft:dark_oak_stairs":4,"minecraft:oak_planks":11,"travelersbackpack:iron_golem":1,"travelersbackpack:melon":3,"minecraft:blue_bed":5,"minecraft:diamond_axe":684,"minecraft:golden_apple":1,"minecraft:blast_furnace":1,"minecraft:crossbow":63,"waystones:waystone":7,"minecraft:melon_slice":1,"minecraft:bread":99,"minecraft:stone_button":1,"minecraft:deepslate":49,"minecraft:chiseled_tuff_bricks":2,"minecraft:diamond_sword":284,"chococraft:gold_chocobo_spawn_egg":4,"minecraft:grindstone":1,"minecraft:smithing_table":4,"minecraft:cooked_rabbit":1,"minecraft:coarse_dirt":2,"chococraft:gysahl_green":2,"minecraft:bone_meal":39,"minecraft:experience_bottle":15,"minecraft:enchanting_table":1,"minecraft:flint_and_steel":2,"minecraft:redstone":1,"minecraft:spruce_planks":86,"minecraft:trial_key":8,"minecraft:cooked_chicken":3,"minecraft:torch":53,"minecraft:dirt":171,"minecraft:spruce_fence":1,"minecraft:polished_diorite":1,"minecraft:dark_oak_planks":28,"minecraft:bookshelf":39,"minecraft:iron_axe":30,"minecraft:iron_boots":1,"minecraft:smooth_quartz":3,"minecraft:golden_carrot":9,"minecraft:acacia_wood":1,"morevanillashields:diamond_shield":13,"minecraft:cooked_beef":57,"minecraft:cobbled_deepslate":6,"minecraft:iron_leggings":1,"minecraft:cooked_mutton":10,"minecraft:water_bucket":133,"minecraft:baked_potato":39,"minecraft:red_nether_bricks":2,"minecraft:green_bed":15,"farmersdelight:onion":2,"minecraft:crafting_table":26,"minecraft:red_mushroom":1,"minecraft:white_bed":1,"minecraft:cornflower":1,"minecraft:diamond_pickaxe":2338,"minecraft:ominous_trial_key":3,"minecraft:diamond_shovel":598,"chococraft:gysahl_green_seeds":210,"minecraft:wind_charge":4,"minecraft:iron_pickaxe":99,"travelersbackpack:white_sleeping_bag":1,"minecraft:stone_axe":76,"minecraft:potion":1,"travelersbackpack:standard":3,"minecraft:cobblestone":71,"minecraft:cooked_porkchop":6,"minecraft:bucket":154,"minecraft:pumpkin_pie":2,"minecraft:diamond_leggings":1},"minecraft:killed_by":{"minecraft:enderman":1,"minecraft:skeleton":1,"guardvillagers:guard":1},"minecraft:mined":{"minecraft:dark_oak_planks":17,"minecraft:red_nether_brick_slab":2,"minecraft:spruce_planks":58,"minecraft:white_bed":1,"minecraft:sculk_vein":48,"minecraft:red_nether_bricks":2,"minecraft:red_sand":2,"minecraft:grass_block":367,"minecraft:coal_block":11,"minecraft:polished_diorite":1,"minecraft:spawner":9,"minecraft:tuff_bricks":11,"minecraft:sculk_catalyst":5,"minecraft:iron_ore":36,"minecraft:fire":24,"minecraft:cobbled_deepslate":3,"minecraft:polished_tuff":7,"minecraft:fletching_table":1,"minecraft:dark_oak_stairs":8,"minecraft:sculk_shrieker":5,"chococraft:gysahl_green":254,"minecraft:pointed_dripstone":6,"minecraft:dirt_path":6,"easyanvils:minecraft/damaged_anvil":3,"minecraft:polished_tuff_slab":1,"minecraft:light_gray_concrete":9,"betterarcheology:loot_vase":1,"minecraft:green_bed":13,"minecraft:tripwire":4,"travelersbackpack:melon":1,"minecraft:soul_fire":2,"minecraft:chiseled_quartz_block":13,"minecraft:torch":6,"minecraft:dark_oak_wood":8,"minecraft:blast_furnace":2,"minecraft:melon":4,"minecraft:poppy":2,"minecraft:chest":2,"minecraft:dead_bush":2,"minecraft:nether_quartz_ore":23,"minecraft:cobblestone":18,"minecraft:oak_planks":11,"minecraft:grindstone":1,"minecraft:sugar_cane":7,"minecraft:iron_door":3,"minecraft:wall_torch":17,"minecraft:polished_diorite_stairs":1,"minecraft:cyan_wool":6,"minecraft:repeater":1,"minecraft:waxed_copper_block":2,"minecraft:oak_log":29,"minecraft:dirt":240,"minecraft:sand":30,"minecraft:smooth_quartz":145,"minecraft:deepslate":1392,"minecraft:dispenser":1,"minecraft:stonecutter":1,"minecraft:netherrack":19,"minecraft:oak_leaves":5,"minecraft:redstone_lamp":1,"minecraft:tuff":97,"minecraft:mossy_cobblestone":9,"minecraft:deepslate_diamond_ore":75,"minecraft:nether_bricks":7,"minecraft:stone_button":2,"minecraft:spruce_fence":1,"minecraft:decorated_pot":21,"minecraft:jungle_planks":3,"minecraft:redstone_wire":2,"travelersbackpack:white_sleeping_bag":1,"minecraft:spruce_leaves":16,"minecraft:red_mushroom":1,"minecraft:hay_block":44,"minecraft:redstone_ore":4,"minecraft:furnace":3,"minecraft:red_sandstone":2,"minecraft:snow":95,"minecraft:acacia_wood":1,"minecraft:andesite":6,"minecraft:stripped_spruce_log":14,"minecraft:gold_block":1,"minecraft:bookshelf":54,"minecraft:rail":1,"minecraft:packed_ice":3,"minecraft:stone":345,"minecraft:white_wool":2,"minecraft:smithing_table":4,"supplementaries:book_pile_horizontal":1,"minecraft:scaffolding":2,"minecraft:redstone_block":1,"minecraft:gray_concrete":2,"minecraft:glass_pane":1,"minecraft:snow_block":30,"minecraft:observer":2,"minecraft:dandelion":1,"minecraft:crafting_table":20,"minecraft:cornflower":1,"minecraft:short_grass":130,"minecraft:emerald_ore":1,"minecraft:sculk_sensor":32,"minecraft:campfire":16,"easyanvils:minecraft/chipped_anvil":1,"minecraft:tall_grass":21,"minecraft:red_glazed_terracotta":1,"minecraft:sculk":874,"minecraft:diorite":23,"minecraft:blue_bed":5,"supplementaries:urn":12,"minecraft:red_terracotta":9,"minecraft:spruce_log":23,"minecraft:coal_ore":79,"minecraft:end_rod":3,"minecraft:light_blue_candle":3,"minecraft:flower_pot":1,"minecraft:gravel":1,"minecraft:cracked_stone_bricks":2,"minecraft:cobweb":38,"minecraft:stone_bricks":2},"minecraft:broken":{"minecraft:iron_boots":1,"minecraft:iron_leggings":1,"minecraft:shield":1},"minecraft:dropped":{"minecraft:iron_sword":1,"minecraft:glow_ink_sac":2,"minecraft:baked_potato":42,"minecraft:glass_bottle":2,"minecraft:crafting_table":1,"minecraft:decorated_pot":1,"minecraft:red_sandstone":3,"minecraft:red_nether_brick_slab":2,"minecraft:crossbow":4,"minecraft:chest_minecart":2,"minecraft:saddle":1,"farmersdelight:rice":3,"travelersbackpack:standard":1,"minecraft:rail":2,"minecraft:leather_helmet":1,"minecraft:flint":7,"minecraft:cod":5,"minecraft:emerald":26,"minecraft:dirt":8,"minecraft:stone_button":3,"minecraft:dispenser":1,"minecraft:cornflower":2,"minecraft:snowball":438,"farmersdelight:onion":12,"minecraft:gold_nugget":16,"minecraft:sand":16,"minecraft:iron_pickaxe":2,"minecraft:white_wool":8,"minecraft:bone":37,"minecraft:gold_ingot":3,"minecraft:red_glazed_terracotta":1,"minecraft:stone_axe":1,"minecraft:iron_nugget":42,"minecraft:chiseled_tuff_bricks":4,"minecraft:cobbled_deepslate":5,"morevanillashields:diamond_shield":1,"minecraft:wheat":1,"minecraft:beetroot":2,"minecraft:rotten_flesh":37,"minecraft:grindstone":1,"minecraft:enchanted_golden_apple":1,"minecraft:oak_planks":1,"minecraft:diamond_shovel":1,"minecraft:azure_bluet":3,"minecraft:white_bed":1,"minecraft:poppy":4,"supplementaries:ash":16,"minecraft:tipped_arrow":48,"minecraft:coal_ore":1,"minecraft:chest":1,"chococraft:gysahl_cake":1,"minecraft:breeze_rod":1,"minecraft:painting":5,"minecraft:arrow":11,"minecraft:glass":2,"minecraft:beef":25,"farmersdelight:tomato_seeds":4,"minecraft:scaffolding":2,"minecraft:netherrack":2,"minecraft:egg":1,"minecraft:enchanted_book":1,"minecraft:water_bucket":1,"minecraft:iron_ingot":10,"minecraft:bread":121,"minecraft:wheat_seeds":15,"minecraft:bookshelf":1,"minecraft:iron_helmet":1,"minecraft:cobblestone":15,"minecraft:book":10,"minecraft:polished_tuff":3,"chococraft:gysahl_green_seeds":47,"minecraft:granite":1,"minecraft:activator_rail":8,"minecraft:ominous_trial_key":4,"minecraft:grass_block":1,"minecraft:coal":8,"minecraft:stick":11,"minecraft:iron_block":1,"minecraft:diorite":23,"minecraft:golden_carrot":2,"minecraft:torch":45,"chococraft:chocobo_drumstick_raw":5,"minecraft:smooth_quartz":2,"minecraft:melon_slice":29,"minecraft:iron_door":2,"artifacts:feral_claws":1,"minecraft:string":5,"duckling:duck_egg":1,"minecraft:bucket":1,"minecraft:redstone":4,"minecraft:furnace":3,"minecraft:tuff_bricks":1,"minecraft:stone_sword":1,"minecraft:chiseled_quartz_block":4,"chococraft:chocobo_feather":48,"minecraft:deepslate":110,"minecraft:polished_tuff_slab":1,"minecraft:tuff":17,"farmersdelight:cabbage_seeds":3,"minecraft:iron_boots":1,"minecraft:light_gray_concrete":5,"minecraft:shears":2,"minecraft:pumpkin_seeds":8,"minecraft:flint_and_steel":1,"minecraft:blast_furnace":1,"minecraft:filled_map":5,"minecraft:diamond_sword":4,"minecraft:cyan_wool":6,"minecraft:spruce_boat":1,"minecraft:stone":4,"minecraft:shield":2,"minecraft:trial_key":4,"minecraft:diamond_chestplate":1,"minecraft:spruce_planks":17,"minecraft:iron_chestplate":3,"minecraft:diamond_pickaxe":1,"artifacts:steadfast_spikes":1,"minecraft:andesite":5,"minecraft:stone_pressure_plate":1,"minecraft:spider_eye":11,"minecraft:bow":2,"minecraft:raw_gold":4,"chococraft:gysahl_green":143,"minecraft:brick":6},"minecraft:custom":{"minecraft:animals_bred":18,"minecraft:interact_with_crafting_table":84,"minecraft:open_barrel":19,"minecraft:bell_ring":6,"minecraft:eat_cake_slice":14,"minecraft:leave_game":21,"minecraft:time_since_death":237435,"minecraft:sprint_one_cm":1205225,"minecraft:damage_blocked_by_shield":6013,"minecraft:drop":516,"minecraft:play_noteblock":3,"minecraft:talked_to_villager":8,"minecraft:play_time":714859,"minecraft:deaths":3,"minecraft:jump":12689,"minecraft:walk_on_water_one_cm":91157,"minecraft:enchant_item":21,"minecraft:interact_with_furnace":62,"minecraft:sleep_in_bed":24,"minecraft:waystone_activated":8,"minecraft:damage_dealt":63615,"minecraft:crouch_one_cm":233646,"minecraft:interact_with_smoker":3,"minecraft:interact_with_smithing_table":16,"minecraft:inspect_dispenser":2,"minecraft:interact_with_anvil":1,"minecraft:mob_kills":330,"minecraft:damage_dealt_resisted":450,"minecraft:climb_one_cm":8407,"minecraft:walk_one_cm":2328734,"minecraft:damage_dealt_absorbed":225,"minecraft:raid_win":1,"minecraft:sneak_time":55980,"minecraft:walk_under_water_one_cm":39706,"minecraft:boat_one_cm":28852,"minecraft:interact_with_blast_furnace":3,"minecraft:total_world_time":714859,"minecraft:tune_noteblock":6,"minecraft:raid_trigger":1,"minecraft:interact_with_grindstone":13,"minecraft:time_since_rest":85353,"minecraft:damage_taken":12006,"minecraft:damage_absorbed":40,"minecraft:swim_one_cm":28375,"minecraft:fly_one_cm":2345924,"minecraft:open_chest":218,"minecraft:fall_one_cm":388960}},"DataVersion":3953}