{"stats":{"minecraft:broken":{"minecraft:stone_pickaxe":1,"minecraft:iron_pickaxe":2},"minecraft:killed":{"minecraft:cave_spider":5,"minecraft:witch":5,"minecraft:spider":6,"minecraft:horse":2,"minecraft:skeleton":6,"wan_ancient_beasts:toxlacanth":1,"minecraft:chicken":14,"minecraft:drowned":2,"minecraft:tropical_fish":3,"minecraft:pig":4,"minecraft:creeper":4,"minecraft:zombie":13,"minecraft:cow":12},"minecraft:used":{"minecraft:stone_sword":139,"minecraft:tropical_fish":3,"minecraft:chest":5,"minecraft:shield":27,"minecraft:iron_sword":90,"hexerei:courier_letter":1,"minecraft:cooked_chicken":10,"minecraft:rotten_flesh":4,"minecraft:iron_chestplate":1,"minecraft:torch":388,"hexerei:coffer":4,"minecraft:dirt":1,"minecraft:lily_of_the_valley":1,"minecraft:golden_shovel":14,"minecraft:wooden_axe":11,"minecraft:oak_stairs":28,"minecraft:iron_helmet":1,"minecraft:iron_boots":1,"minecraft:furnace":6,"minecraft:cooked_beef":5,"minecraft:egg":2,"minecraft:cobbled_deepslate":30,"minecraft:light_gray_bed":4,"hexerei:witch_hazel_drying_rack":1,"minecraft:iron_leggings":1,"wan_ancient_beasts:cooked_toxlacanth":2,"minecraft:water_bucket":23,"minecraft:diorite":7,"minecraft:birch_planks":1,"minecraft:oak_planks":169,"minecraft:stone_pickaxe":247,"minecraft:wooden_pickaxe":7,"artifacts:eternal_steak":22,"minecraft:stonecutter":1,"minecraft:diamond_axe":121,"minecraft:crafting_table":14,"waystones:waystone":1,"minecraft:diamond_pickaxe":622,"minecraft:apple":3,"minecraft:diamond_shovel":33,"wan_ancient_beasts:surfer_egg":1,"minecraft:bread":3,"minecraft:iron_pickaxe":500,"minecraft:stone_button":13,"minecraft:stone_axe":71,"minecraft:cobblestone":90,"minecraft:cooked_porkchop":1,"minecraft:smithing_table":1,"minecraft:bucket":24},"minecraft:dropped":{"minecraft:iron_ingot":1,"minecraft:bread":1,"minecraft:oak_slab":2,"minecraft:candle":1,"minecraft:birch_planks":11,"minecraft:wheat_seeds":6,"minecraft:cooked_beef":1,"hexerei:pestle_and_mortar":1,"minecraft:oak_fence":7,"minecraft:feather":11,"minecraft:cobblestone":20,"minecraft:apple":4,"minecraft:rail":1,"minecraft:coal":11,"minecraft:dirt":9,"minecraft:diorite":3,"minecraft:stone_button":12,"minecraft:wooden_axe":1,"minecraft:bucket":1,"hexerei:witch_hazel_fence":1,"minecraft:redstone":8,"minecraft:stone_axe":2,"hexerei:sage_seed":3,"minecraft:stone_sword":1,"hexerei:courier_letter":3,"minecraft:rotten_flesh":10,"minecraft:oak_planks":8,"minecraft:golden_shovel":1,"minecraft:azure_bluet":1,"artifacts:everlasting_beef":1,"minecraft:lily_of_the_valley":2,"supplementaries:flax_seeds":1,"supplementaries:ash":2,"minecraft:gunpowder":1,"hexerei:witch_hazel_altar":1,"minecraft:andesite":2,"minecraft:wooden_pickaxe":2,"minecraft:stone_pickaxe":2,"waystones:waystone":1},"minecraft:custom":{"minecraft:interact_with_smithing_table":3,"minecraft:mob_kills":80,"minecraft:interact_with_crafting_table":53,"minecraft:open_barrel":14,"minecraft:leave_game":2,"minecraft:time_since_death":46527,"minecraft:climb_one_cm":3973,"minecraft:sprint_one_cm":286879,"minecraft:walk_one_cm":505297,"minecraft:damage_blocked_by_shield":1235,"minecraft:drop":78,"minecraft:talked_to_villager":4,"minecraft:deaths":1,"minecraft:play_time":190596,"minecraft:sneak_time":30897,"minecraft:walk_under_water_one_cm":41874,"minecraft:jump":3065,"minecraft:interact_with_blast_furnace":7,"minecraft:walk_on_water_one_cm":24133,"minecraft:total_world_time":190596,"minecraft:interact_with_furnace":67,"minecraft:traded_with_villager":1,"minecraft:sleep_in_bed":5,"minecraft:time_since_rest":2940,"minecraft:damage_taken":3401,"minecraft:damage_dealt":11273,"minecraft:swim_one_cm":52823,"minecraft:fly_one_cm":495822,"minecraft:open_chest":42,"minecraft:crouch_one_cm":85026,"waystones:waystone_activated":2,"minecraft:fall_one_cm":70385},"minecraft:crafted":{"artifacts:eternal_steak":1,"minecraft:oak_planks":468,"wan_ancient_beasts:cooked_toxlacanth":1,"minecraft:cooked_chicken":10,"minecraft:furnace":2,"minecraft:diamond_shovel":1,"wan_ancient_beasts:surfer_egg":1,"minecraft:glass":31,"travelersbackpack:white_sleeping_bag":1,"minecraft:iron_boots":1,"minecraft:stone_pickaxe":3,"minecraft:chest":3,"minecraft:cooked_beef":5,"minecraft:cooked_porkchop":1,"minecraft:diamond_axe":1,"minecraft:crafting_table":5,"travelersbackpack:standard":2,"travelersbackpack:backpack_tank":2,"minecraft:wooden_pickaxe":1,"minecraft:iron_helmet":1,"minecraft:golden_shovel":1,"minecraft:bucket":2,"minecraft:birch_planks":60,"minecraft:stone_axe":1,"minecraft:bread":4,"minecraft:air":0,"minecraft:iron_chestplate":1,"minecraft:diamond_pickaxe":1,"minecraft:shield":1,"minecraft:stick":20,"minecraft:iron_ingot":71,"minecraft:iron_pickaxe":1,"minecraft:oak_stairs":16,"minecraft:wooden_axe":1,"minecraft:stone_sword":1,"minecraft:iron_leggings":1,"minecraft:gold_ingot":18,"minecraft:torch":4,"minecraft:shears":1},"minecraft:picked_up":{"minecraft:iron_chestplate":1,"minecraft:crafting_table":10,"minecraft:azure_bluet":1,"minecraft:chicken":13,"minecraft:smithing_table":2,"minecraft:oak_stairs":12,"minecraft:wooden_pickaxe":1,"minecraft:gold_block":2,"rustic_engineer:book_spidermech":1,"minecraft:shield":1,"minecraft:string":9,"minecraft:iron_leggings":1,"supplementaries:bomb":3,"minecraft:candle":1,"minecraft:cobbled_deepslate":455,"hexerei:courier_letter":12,"minecraft:beef":30,"minecraft:chest":3,"supplementaries:rope":5,"minecraft:furnace":4,"minecraft:egg":2,"minecraft:stick":27,"minecraft:raw_iron":141,"minecraft:oak_fence":7,"minecraft:torch":445,"travelersbackpack:iron_tier_upgrade":2,"minecraft:porkchop":9,"hexerei:coffer":1,"minecraft:stone_button":25,"minecraft:diorite":10,"minecraft:redstone":8,"hexerei:witch_hazel_fence":1,"hexerei:sage_seed":3,"artifacts:everlasting_beef":2,"minecraft:stone_sword":2,"minecraft:light_gray_bed":4,"minecraft:arrow":5,"minecraft:rotten_flesh":14,"minecraft:tropical_fish":3,"minecraft:shears":1,"farmersdelight:rope":33,"supplementaries:ash":2,"minecraft:rail":1,"wan_ancient_beasts:cooked_toxlacanth":1,"minecraft:white_wool":15,"minecraft:cobblestone":524,"minecraft:birch_log":15,"farmersdelight:rice":8,"minecraft:feather":9,"minecraft:cooked_beef":1,"artifacts:eternal_steak":1,"minecraft:water_bucket":1,"minecraft:andesite":26,"minecraft:leather":14,"hexerei:witch_hazel_drying_rack":1,"minecraft:flint":1,"minecraft:tuff":16,"minecraft:oak_log":117,"minecraft:gunpowder":5,"rustic_engineer:book_airship":2,"minecraft:lapis_lazuli":15,"minecraft:dirt":10,"minecraft:name_tag":3,"minecraft:bone":13,"hexerei:wax_blend":6,"minecraft:stonecutter":1,"hexerei:pestle_and_mortar":1,"rustic_engineer:book_dragon_fly":2,"minecraft:wheat_seeds":6,"minecraft:raw_gold":1,"minecraft:iron_ingot":20,"minecraft:glowstone_dust":2,"minecraft:iron_sword":2,"minecraft:oak_planks":27,"hexerei:animal_fat":8,"minecraft:oak_slab":2,"artifacts:obsidian_skull":1,"minecraft:cooked_porkchop":1,"minecraft:gravel":9,"minecraft:sand":31,"minecraft:lily_of_the_valley":3,"minecraft:spider_eye":1,"hexerei:witch_hazel_altar":1,"artifacts:plastic_drinking_hat":1,"minecraft:diamond":109,"minecraft:stone_axe":2,"waystones:waystone":4,"minecraft:iron_helmet":1,"minecraft:bone_meal":1,"minecraft:golden_apple":4,"minecraft:bread":5,"minecraft:emerald":7,"wan_ancient_beasts:toxlacanth":2,"minecraft:coal":84,"minecraft:diamond_pickaxe":2},"minecraft:mined":{"minecraft:tuff":41,"minecraft:deepslate_diamond_ore":56,"minecraft:stone_button":2,"minecraft:grass_block":2,"minecraft:light_gray_bed":4,"hexerei:witch_hazel_fence":1,"minecraft:furnace":4,"minecraft:iron_ore":44,"minecraft:andesite":32,"minecraft:deepslate_lapis_ore":2,"minecraft:azure_bluet":1,"minecraft:gold_block":2,"minecraft:deepslate_iron_ore":60,"minecraft:rail":2,"minecraft:oak_stairs":12,"minecraft:stone":433,"minecraft:smithing_table":1,"hexerei:witch_hazel_altar":1,"minecraft:oak_slab":2,"minecraft:deepslate_redstone_ore":2,"hexerei:witch_hazel_drying_rack":2,"minecraft:lily_of_the_valley":1,"minecraft:oak_fence":6,"minecraft:crafting_table":9,"minecraft:chest":3,"minecraft:cobblestone":6,"minecraft:oak_planks":4,"minecraft:diorite":13,"minecraft:wall_torch":10,"supplementaries:urn":4,"hexerei:pestle_and_mortar":1,"minecraft:birch_log":15,"minecraft:birch_leaves":3,"minecraft:grass":52,"minecraft:oak_log":121,"minecraft:coal_ore":68,"minecraft:sand":32,"minecraft:gravel":10,"minecraft:dirt":3,"minecraft:stonecutter":1,"minecraft:netherrack":1,"minecraft:gold_ore":1,"minecraft:oak_leaves":7,"minecraft:deepslate":600}},"DataVersion":3465}