{"stats":{"minecraft:used":{"hexerei:courier_letter":1,"hexerei:witch_hazel_drying_rack":1},"minecraft:custom":{"minecraft:open_barrel":5,"minecraft:time_since_rest":5886,"minecraft:open_chest":4,"minecraft:crouch_one_cm":2552,"minecraft:play_time":5886,"minecraft:sprint_one_cm":9548,"minecraft:damage_taken":140,"minecraft:walk_one_cm":23239,"minecraft:sneak_time":665,"minecraft:jump":84,"minecraft:damage_dealt":80,"minecraft:leave_game":1,"minecraft:time_since_death":5886,"minecraft:climb_one_cm":1631,"minecraft:total_world_time":5886,"minecraft:interact_with_crafting_table":1,"minecraft:fall_one_cm":2871,"minecraft:fly_one_cm":7747},"minecraft:picked_up":{"minecraft:light_gray_bed":1,"hexerei:courier_letter":9,"hexerei:witch_hazel_drying_rack":1},"minecraft:mined":{"hexerei:witch_hazel_drying_rack":1,"minecraft:light_gray_bed":1,"minecraft:oak_leaves":1}},"DataVersion":3465}