{"stats":{"minecraft:killed":{"minecraft:pig":6,"minecraft:sheep":1,"minecraft:skeleton":2,"minecraft:zombie":1,"minecraft:cow":2},"minecraft:used":{"minecraft:stone_pickaxe":30,"minecraft:oak_planks":1,"minecraft:shield":8,"minecraft:wooden_pickaxe":6,"minecraft:iron_sword":18,"minecraft:torch":4,"minecraft:dirt":9,"minecraft:crafting_table":4,"minecraft:wooden_axe":11,"minecraft:iron_pickaxe":149,"minecraft:stone_axe":29,"minecraft:cobblestone":14,"minecraft:furnace":3,"minecraft:cooked_porkchop":8,"minecraft:cobbled_deepslate":7},"minecraft:dropped":{"hexerei:animal_fat":2,"minecraft:wheat_seeds":1,"minecraft:bowl":2,"minecraft:diamond":6,"minecraft:cooked_porkchop":3,"supplementaries:ash":12,"minecraft:wooden_axe":1,"minecraft:rabbit_stew":2,"minecraft:wooden_pickaxe":1,"minecraft:iron_pickaxe":1},"minecraft:custom":{"minecraft:interact_with_furnace":13,"minecraft:mob_kills":12,"minecraft:interact_with_crafting_table":13,"minecraft:open_barrel":1,"minecraft:leave_game":1,"minecraft:time_since_death":45631,"minecraft:climb_one_cm":323,"minecraft:time_since_rest":45631,"minecraft:sprint_one_cm":62940,"minecraft:damage_taken":817,"minecraft:walk_one_cm":120898,"minecraft:damage_blocked_by_shield":840,"minecraft:drop":30,"minecraft:damage_dealt":2152,"minecraft:swim_one_cm":12823,"minecraft:fly_one_cm":45319,"minecraft:open_chest":1,"minecraft:crouch_one_cm":963,"minecraft:play_time":45631,"minecraft:sneak_time":344,"minecraft:walk_under_water_one_cm":9353,"minecraft:jump":490,"minecraft:interact_with_blast_furnace":1,"minecraft:walk_on_water_one_cm":9119,"minecraft:total_world_time":45631,"minecraft:fall_one_cm":7506},"minecraft:crafted":{"minecraft:oak_planks":16,"minecraft:cooked_porkchop":5,"minecraft:crafting_table":1,"minecraft:wooden_pickaxe":1,"minecraft:iron_sword":1,"minecraft:furnace":1,"minecraft:stone_axe":1,"minecraft:air":0,"minecraft:diamond_helmet":1,"minecraft:diamond_leggings":1,"minecraft:stick":12,"minecraft:iron_ingot":6,"minecraft:iron_pickaxe":1,"minecraft:stone_pickaxe":1,"minecraft:wooden_axe":1,"minecraft:diamond_boots":1,"minecraft:torch":4,"minecraft:diamond_chestplate":1},"minecraft:picked_up":{"minecraft:crafting_table":3,"minecraft:andesite":4,"minecraft:rabbit_stew":3,"minecraft:leather":1,"minecraft:oak_log":4,"supplementaries:flax_seeds":2,"minecraft:shield":1,"minecraft:string":2,"minecraft:dirt":12,"minecraft:bone":2,"minecraft:bow":1,"minecraft:wheat_seeds":1,"minecraft:cobbled_deepslate":83,"minecraft:beef":2,"minecraft:iron_pickaxe":1,"minecraft:oak_planks":1,"minecraft:furnace":2,"hexerei:animal_fat":2,"minecraft:raw_iron":11,"minecraft:cooked_porkchop":6,"minecraft:bowl":2,"minecraft:green_bed":1,"minecraft:porkchop":11,"minecraft:arrow":3,"minecraft:diamond":33,"supplementaries:antique_ink":2,"supplementaries:ash":12,"minecraft:mutton":1,"minecraft:coal":7,"minecraft:white_wool":1,"minecraft:cobblestone":48},"minecraft:mined":{"minecraft:diamond_ore":5,"minecraft:deepslate_diamond_ore":24,"minecraft:crafting_table":2,"minecraft:grass_block":5,"minecraft:oak_planks":1,"supplementaries:urn":4,"minecraft:furnace":2,"minecraft:iron_ore":1,"minecraft:cobbled_deepslate":1,"minecraft:andesite":4,"minecraft:grass":3,"minecraft:oak_log":4,"minecraft:coal_ore":5,"minecraft:deepslate_iron_ore":10,"minecraft:dirt":7,"minecraft:stone":51,"minecraft:green_bed":1,"minecraft:oak_leaves":5,"minecraft:deepslate":82}},"DataVersion":3465}