{"stats":{"minecraft:killed":{"minecraft:sheep":1,"minecraft:pig":4,"minecraft:cow":2},"minecraft:used":{"minecraft:wooden_axe":11,"minecraft:stone_pickaxe":16,"minecraft:oak_planks":1,"minecraft:wooden_pickaxe":6,"minecraft:stone_axe":13,"minecraft:dirt":8,"minecraft:cobblestone":2,"minecraft:crafting_table":2,"minecraft:furnace":1,"minecraft:cooked_porkchop":2},"minecraft:dropped":{"minecraft:wheat_seeds":1,"minecraft:wooden_axe":1,"minecraft:wooden_pickaxe":1},"minecraft:custom":{"minecraft:time_since_rest":14144,"minecraft:interact_with_furnace":3,"minecraft:sprint_one_cm":45093,"minecraft:damage_taken":165,"minecraft:walk_one_cm":30703,"minecraft:mob_kills":7,"minecraft:drop":3,"minecraft:damage_dealt":780,"minecraft:interact_with_crafting_table":4,"minecraft:fly_one_cm":29457,"minecraft:open_chest":1,"minecraft:crouch_one_cm":330,"minecraft:play_time":14144,"minecraft:sneak_time":94,"minecraft:walk_under_water_one_cm":5535,"minecraft:jump":169,"minecraft:walk_on_water_one_cm":1357,"minecraft:time_since_death":14144,"minecraft:climb_one_cm":323,"minecraft:total_world_time":14144,"minecraft:fall_one_cm":3574},"minecraft:crafted":{"minecraft:oak_planks":16,"minecraft:crafting_table":1,"minecraft:stick":12,"minecraft:wooden_pickaxe":1,"minecraft:stone_pickaxe":1,"minecraft:wooden_axe":1,"minecraft:furnace":1,"minecraft:stone_axe":1},"minecraft:picked_up":{"hexerei:animal_fat":2,"minecraft:crafting_table":2,"minecraft:cooked_porkchop":6,"minecraft:leather":1,"minecraft:porkchop":7,"minecraft:oak_log":4,"minecraft:dirt":12,"minecraft:wheat_seeds":1,"minecraft:beef":2,"minecraft:mutton":1,"minecraft:oak_planks":1,"minecraft:coal":7,"minecraft:white_wool":1,"minecraft:cobblestone":16,"minecraft:furnace":1},"minecraft:mined":{"minecraft:furnace":1,"minecraft:crafting_table":2,"minecraft:grass":3,"minecraft:coal_ore":5,"minecraft:grass_block":5,"minecraft:oak_log":4,"minecraft:dirt":7,"minecraft:stone":16,"minecraft:oak_planks":1,"minecraft:oak_leaves":5}},"DataVersion":3465}