{"stats":{"minecraft:killed":{"minecraft:pig":6,"minecraft:sheep":1,"minecraft:cow":2},"minecraft:used":{"minecraft:stone_pickaxe":30,"minecraft:oak_planks":1,"minecraft:wooden_pickaxe":6,"minecraft:iron_sword":5,"minecraft:torch":4,"minecraft:dirt":9,"minecraft:crafting_table":3,"minecraft:wooden_axe":11,"minecraft:iron_pickaxe":8,"minecraft:stone_axe":29,"minecraft:cobblestone":2,"minecraft:furnace":3,"minecraft:cooked_porkchop":5,"minecraft:cobbled_deepslate":7},"minecraft:dropped":{"hexerei:animal_fat":2,"minecraft:wheat_seeds":1,"minecraft:diamond":1,"minecraft:cooked_porkchop":3,"supplementaries:ash":12,"minecraft:wooden_axe":1,"minecraft:wooden_pickaxe":1,"minecraft:iron_pickaxe":1},"minecraft:custom":{"minecraft:interact_with_furnace":13,"minecraft:mob_kills":9,"minecraft:interact_with_crafting_table":10,"minecraft:time_since_death":26144,"minecraft:climb_one_cm":323,"minecraft:time_since_rest":26144,"minecraft:sprint_one_cm":51691,"minecraft:damage_taken":640,"minecraft:walk_one_cm":73986,"minecraft:drop":22,"minecraft:damage_dealt":1631,"minecraft:swim_one_cm":12823,"minecraft:fly_one_cm":39046,"minecraft:open_chest":1,"minecraft:crouch_one_cm":703,"minecraft:play_time":26144,"minecraft:sneak_time":259,"minecraft:walk_under_water_one_cm":9353,"minecraft:jump":347,"minecraft:walk_on_water_one_cm":4301,"minecraft:total_world_time":26144,"minecraft:fall_one_cm":5925},"minecraft:crafted":{"minecraft:oak_planks":16,"minecraft:cooked_porkchop":5,"minecraft:crafting_table":1,"minecraft:wooden_pickaxe":1,"minecraft:iron_sword":1,"minecraft:furnace":1,"minecraft:stone_axe":1,"minecraft:air":0,"minecraft:stick":12,"minecraft:iron_ingot":6,"minecraft:iron_pickaxe":1,"minecraft:stone_pickaxe":1,"minecraft:wooden_axe":1,"minecraft:torch":4},"minecraft:picked_up":{"minecraft:crafting_table":2,"minecraft:leather":1,"minecraft:oak_log":4,"supplementaries:flax_seeds":2,"minecraft:dirt":12,"minecraft:wheat_seeds":1,"minecraft:cobbled_deepslate":11,"minecraft:beef":2,"minecraft:iron_pickaxe":1,"minecraft:oak_planks":1,"minecraft:furnace":2,"hexerei:animal_fat":2,"minecraft:raw_iron":6,"minecraft:cooked_porkchop":6,"minecraft:porkchop":11,"minecraft:diamond":5,"supplementaries:antique_ink":2,"supplementaries:ash":12,"minecraft:mutton":1,"minecraft:coal":7,"minecraft:white_wool":1,"minecraft:cobblestone":17},"minecraft:mined":{"minecraft:deepslate_diamond_ore":4,"minecraft:crafting_table":2,"minecraft:grass_block":5,"minecraft:oak_planks":1,"supplementaries:urn":4,"minecraft:furnace":2,"minecraft:grass":3,"minecraft:oak_log":4,"minecraft:coal_ore":5,"minecraft:deepslate_iron_ore":6,"minecraft:dirt":7,"minecraft:stone":16,"minecraft:oak_leaves":5,"minecraft:deepslate":11}},"DataVersion":3465}