{"stats":{"minecraft:broken":{"minecraft:stone_pickaxe":2},"minecraft:killed":{"minecraft:pig":2,"minecraft:spider":1,"minecraft:sheep":1,"minecraft:skeleton":5,"minecraft:pillager":2,"minecraft:zombie":11,"minecraft:chicken":3,"minecraft:axolotl":1,"minecraft:silverfish":2},"minecraft:used":{"minecraft:water_bucket":6,"minecraft:stone_pickaxe":345,"minecraft:shield":12,"minecraft:wooden_pickaxe":7,"minecraft:iron_sword":27,"minecraft:rotten_flesh":3,"minecraft:iron_chestplate":1,"minecraft:torch":27,"minecraft:glow_berries":17,"minecraft:crafting_table":5,"minecraft:blast_furnace":3,"minecraft:tuff":16,"minecraft:oak_log":1,"minecraft:wooden_axe":20,"minecraft:apple":4,"minecraft:chicken":3,"minecraft:bread":1,"minecraft:iron_pickaxe":31,"minecraft:stone_axe":44,"minecraft:cobblestone":37,"minecraft:bow":1,"minecraft:furnace":1,"minecraft:cooked_porkchop":2,"minecraft:bucket":7,"minecraft:cobbled_deepslate":4},"minecraft:dropped":{"minecraft:stone_axe":1,"hexerei:sage_seed":1,"minecraft:lapis_lazuli":5,"minecraft:cooked_porkchop":1,"minecraft:raw_iron":3,"minecraft:cobblestone":22,"minecraft:oak_planks":22,"minecraft:coal":3,"minecraft:stick":2,"waystones:waystone":1},"minecraft:custom":{"minecraft:interact_with_furnace":7,"minecraft:mob_kills":29,"minecraft:interact_with_crafting_table":10,"minecraft:open_barrel":10,"goblintraders:trade_with_goblin":3,"minecraft:time_since_death":7983,"minecraft:climb_one_cm":305,"minecraft:time_since_rest":8037,"minecraft:sprint_one_cm":115558,"minecraft:damage_taken":750,"minecraft:walk_one_cm":137988,"minecraft:damage_blocked_by_shield":320,"minecraft:drop":12,"minecraft:damage_dealt":4252,"minecraft:swim_one_cm":5953,"minecraft:fly_one_cm":100275,"minecraft:open_chest":7,"minecraft:crouch_one_cm":9461,"minecraft:play_time":51052,"minecraft:deaths":1,"minecraft:sneak_time":4715,"minecraft:walk_under_water_one_cm":8025,"minecraft:jump":850,"minecraft:interact_with_blast_furnace":14,"minecraft:walk_on_water_one_cm":8309,"minecraft:total_world_time":51052,"minecraft:fall_one_cm":13211},"minecraft:crafted":{"minecraft:oak_planks":40,"minecraft:coal":2,"minecraft:emerald":1,"minecraft:cooked_porkchop":3,"minecraft:crafting_table":2,"minecraft:wooden_pickaxe":1,"minecraft:furnace":1,"minecraft:stone_axe":2,"minecraft:air":0,"minecraft:iron_chestplate":1,"minecraft:shield":1,"minecraft:stick":28,"minecraft:iron_ingot":24,"minecraft:iron_pickaxe":1,"minecraft:stone_pickaxe":3,"minecraft:wooden_axe":1,"minecraft:torch":20},"minecraft:picked_up":{"minecraft:wooden_axe":1,"minecraft:birch_log":5,"minecraft:crafting_table":5,"minecraft:feather":2,"minecraft:chicken":5,"minecraft:water_bucket":1,"minecraft:andesite":1,"minecraft:wooden_pickaxe":1,"minecraft:birch_planks":12,"minecraft:tuff":100,"minecraft:oak_log":11,"minecraft:shield":1,"minecraft:lapis_lazuli":29,"minecraft:dirt":1,"minecraft:stripped_birch_log":1,"minecraft:bone":2,"minecraft:apple":4,"minecraft:bow":2,"minecraft:cobbled_deepslate":95,"minecraft:raw_gold":6,"minecraft:bucket":1,"minecraft:stone_pickaxe":1,"minecraft:iron_pickaxe":1,"minecraft:gray_bed":2,"minecraft:birch_sapling":1,"minecraft:oak_planks":10,"minecraft:iron_sword":2,"minecraft:raw_iron":26,"minecraft:big_dripleaf":2,"minecraft:torch":7,"minecraft:porkchop":3,"minecraft:blast_furnace":4,"minecraft:redstone":72,"hexerei:sage_seed":3,"minecraft:arrow":5,"minecraft:rotten_flesh":14,"minecraft:stone_axe":1,"waystones:waystone":1,"minecraft:granite":1,"minecraft:emerald":1,"minecraft:bread":1,"minecraft:glow_berries":9,"minecraft:mutton":2,"minecraft:coal":55,"minecraft:white_wool":1,"minecraft:cobblestone":185},"minecraft:mined":{"minecraft:deepslate_redstone_ore":9,"minecraft:tuff":58,"minecraft:stripped_birch_log":1,"minecraft:crafting_table":4,"minecraft:torch":3,"minecraft:cave_vines_plant":1,"minecraft:granite":1,"minecraft:blast_furnace":3,"minecraft:infested_cobblestone":1,"minecraft:cobblestone":4,"minecraft:deepslate_gold_ore":4,"minecraft:lapis_ore":1,"minecraft:diorite":1,"minecraft:wall_torch":4,"minecraft:big_dripleaf":1,"minecraft:birch_log":5,"minecraft:iron_ore":12,"minecraft:gray_bed":1,"minecraft:birch_leaves":1,"minecraft:andesite":1,"minecraft:deepslate_lapis_ore":2,"minecraft:grass":2,"minecraft:oak_log":10,"minecraft:coal_ore":42,"minecraft:cave_vines":7,"minecraft:deepslate_iron_ore":11,"minecraft:dirt":2,"minecraft:stone":161,"minecraft:oak_leaves":1,"minecraft:deepslate":56}},"DataVersion":3465}