{"stats":{"minecraft:broken":{"minecraft:stone_pickaxe":2,"minecraft:stone_axe":1},"minecraft:killed":{"minecraft:spider":1,"minecraft:skeleton":8,"minecraft:chicken":3,"minecraft:axolotl":1,"minecraft:silverfish":2,"minecraft:pig":3,"minecraft:sheep":3,"minecraft:pillager":2,"minecraft:zombie":12,"minecraft:cow":5},"minecraft:used":{"minecraft:shield":34,"minecraft:iron_sword":65,"minecraft:cooked_chicken":1,"minecraft:rotten_flesh":3,"minecraft:iron_chestplate":1,"minecraft:torch":27,"minecraft:tuff":16,"minecraft:granite":1,"minecraft:wooden_axe":30,"minecraft:bow":1,"minecraft:beef":7,"minecraft:furnace":3,"minecraft:gray_bed":1,"minecraft:cobbled_deepslate":11,"minecraft:cooked_mutton":2,"minecraft:water_bucket":8,"minecraft:stone_pickaxe":350,"minecraft:wooden_pickaxe":7,"minecraft:glow_berries":17,"minecraft:crafting_table":8,"minecraft:blast_furnace":4,"minecraft:oak_log":1,"waystones:waystone":1,"minecraft:apple":4,"minecraft:bread":13,"minecraft:chicken":3,"minecraft:iron_pickaxe":31,"minecraft:stone_axe":93,"minecraft:cobblestone":69,"minecraft:cooked_porkchop":2,"minecraft:porkchop":2,"minecraft:bucket":9,"minecraft:experience_bottle":1},"minecraft:custom":{"minecraft:mob_kills":43,"minecraft:interact_with_crafting_table":16,"minecraft:open_barrel":10,"goblintraders:trade_with_goblin":3,"minecraft:bell_ring":23,"minecraft:leave_game":1,"minecraft:time_since_death":40033,"minecraft:climb_one_cm":1530,"minecraft:sprint_one_cm":237438,"minecraft:walk_one_cm":199911,"minecraft:damage_blocked_by_shield":1445,"minecraft:drop":24,"minecraft:talked_to_villager":5,"minecraft:play_time":83102,"minecraft:deaths":1,"minecraft:sneak_time":4806,"minecraft:walk_under_water_one_cm":10842,"minecraft:jump":1807,"minecraft:interact_with_blast_furnace":16,"minecraft:walk_on_water_one_cm":13119,"minecraft:total_world_time":83102,"minecraft:interact_with_furnace":14,"minecraft:sleep_in_bed":3,"minecraft:time_since_rest":21115,"minecraft:damage_taken":1394,"minecraft:damage_dealt":6009,"minecraft:swim_one_cm":10792,"minecraft:fly_one_cm":344885,"minecraft:open_chest":9,"minecraft:crouch_one_cm":9486,"waystones:waystone_activated":2,"minecraft:fall_one_cm":41626,"minecraft:inspect_dispenser":2},"minecraft:dropped":{"minecraft:iron_ingot":1,"minecraft:birch_planks":1,"minecraft:lapis_lazuli":17,"minecraft:cooked_porkchop":1,"minecraft:cobblestone":22,"minecraft:granite":1,"minecraft:coal":3,"minecraft:stick":2,"minecraft:emerald":1,"minecraft:dirt":1,"minecraft:stone_axe":1,"hexerei:sage_seed":1,"minecraft:tuff":42,"minecraft:birch_sapling":1,"minecraft:raw_iron":3,"minecraft:rotten_flesh":4,"minecraft:oak_planks":24,"minecraft:blast_furnace":1,"minecraft:gunpowder":1,"waystones:waystone":1},"minecraft:crafted":{"minecraft:oak_planks":40,"minecraft:coal":2,"minecraft:cooked_chicken":1,"minecraft:furnace":3,"minecraft:cooked_mutton":1,"minecraft:stone_pickaxe":3,"minecraft:wheat":447,"minecraft:emerald":1,"minecraft:cooked_porkchop":3,"minecraft:crafting_table":2,"minecraft:wooden_pickaxe":1,"minecraft:stone_axe":2,"minecraft:bread":149,"minecraft:air":0,"minecraft:iron_chestplate":1,"minecraft:shield":1,"minecraft:stick":28,"minecraft:iron_ingot":24,"minecraft:iron_pickaxe":1,"minecraft:wooden_axe":1,"minecraft:torch":20},"minecraft:picked_up":{"minecraft:wooden_axe":1,"minecraft:crafting_table":8,"minecraft:chicken":5,"minecraft:wooden_pickaxe":1,"minecraft:shield":1,"minecraft:experience_bottle":1,"minecraft:cobbled_deepslate":95,"minecraft:bucket":1,"minecraft:beef":12,"minecraft:iron_pickaxe":1,"minecraft:birch_sapling":1,"minecraft:egg":2,"minecraft:furnace":2,"minecraft:raw_iron":26,"minecraft:big_dripleaf":2,"minecraft:oak_fence":1,"minecraft:torch":7,"minecraft:porkchop":5,"minecraft:redstone":72,"hexerei:sage_seed":4,"minecraft:arrow":7,"minecraft:rotten_flesh":16,"minecraft:hay_block":55,"minecraft:glow_berries":9,"minecraft:mutton":2,"minecraft:cobblestone":185,"minecraft:white_wool":3,"minecraft:birch_log":5,"minecraft:feather":13,"minecraft:water_bucket":1,"minecraft:andesite":1,"minecraft:potato":1,"minecraft:birch_planks":12,"minecraft:tuff":100,"minecraft:oak_log":12,"minecraft:gunpowder":2,"minecraft:lapis_lazuli":29,"minecraft:stripped_birch_log":1,"minecraft:dirt":1,"minecraft:cooked_mutton":1,"minecraft:bone":7,"minecraft:apple":4,"minecraft:bow":2,"minecraft:raw_gold":6,"minecraft:stone_pickaxe":1,"minecraft:gray_bed":2,"minecraft:iron_sword":3,"minecraft:oak_planks":12,"minecraft:blast_furnace":6,"minecraft:stone_axe":1,"waystones:waystone":3,"minecraft:granite":2,"minecraft:bread":1,"minecraft:emerald":1,"minecraft:coal":55},"minecraft:mined":{"minecraft:tuff":58,"minecraft:stripped_birch_log":1,"minecraft:granite":1,"minecraft:cave_vines_plant":1,"minecraft:infested_cobblestone":1,"minecraft:hay_block":55,"minecraft:furnace":2,"minecraft:iron_ore":12,"minecraft:andesite":1,"minecraft:deepslate_lapis_ore":2,"minecraft:cave_vines":7,"minecraft:deepslate_iron_ore":11,"minecraft:stone":161,"minecraft:deepslate_redstone_ore":9,"minecraft:acacia_leaves":1,"minecraft:oak_fence":1,"minecraft:crafting_table":7,"minecraft:torch":3,"minecraft:blast_furnace":5,"minecraft:cobblestone":4,"minecraft:tall_grass":1,"minecraft:lapis_ore":1,"minecraft:deepslate_gold_ore":4,"minecraft:diorite":1,"minecraft:wall_torch":4,"minecraft:big_dripleaf":1,"minecraft:birch_log":5,"minecraft:gray_bed":1,"minecraft:birch_leaves":1,"minecraft:grass":4,"minecraft:coal_ore":42,"minecraft:oak_log":13,"minecraft:dirt":2,"minecraft:oak_leaves":1,"minecraft:deepslate":56}},"DataVersion":3465}