{"stats":{"minecraft:broken":{"minecraft:stone_pickaxe":1},"minecraft:killed":{"minecraft:pig":2,"minecraft:skeleton":1,"minecraft:pillager":1,"minecraft:zombie":8,"minecraft:chicken":3,"minecraft:silverfish":2},"minecraft:used":{"minecraft:stone_pickaxe":222,"minecraft:wooden_pickaxe":7,"minecraft:rotten_flesh":3,"minecraft:torch":26,"minecraft:glow_berries":1,"minecraft:crafting_table":3,"minecraft:oak_log":1,"minecraft:wooden_axe":17,"minecraft:chicken":3,"minecraft:bread":1,"minecraft:iron_pickaxe":5,"minecraft:stone_axe":32,"minecraft:cobblestone":34,"minecraft:furnace":1,"minecraft:cooked_porkchop":2,"minecraft:cobbled_deepslate":4},"minecraft:dropped":{"minecraft:stone_axe":1,"hexerei:sage_seed":1,"minecraft:lapis_lazuli":5,"minecraft:cooked_porkchop":1,"minecraft:cobblestone":22,"minecraft:oak_planks":22,"minecraft:coal":3,"minecraft:stick":2,"waystones:waystone":1},"minecraft:custom":{"minecraft:interact_with_furnace":5,"minecraft:mob_kills":17,"minecraft:interact_with_crafting_table":5,"minecraft:open_barrel":7,"minecraft:time_since_death":27052,"minecraft:climb_one_cm":305,"minecraft:time_since_rest":27052,"minecraft:sprint_one_cm":57650,"minecraft:damage_taken":380,"minecraft:walk_one_cm":88659,"minecraft:drop":9,"minecraft:damage_dealt":2744,"minecraft:fly_one_cm":31856,"minecraft:open_chest":3,"minecraft:crouch_one_cm":5422,"minecraft:play_time":27052,"minecraft:sneak_time":3178,"minecraft:jump":316,"minecraft:interact_with_blast_furnace":8,"minecraft:walk_on_water_one_cm":3194,"minecraft:total_world_time":27052,"minecraft:fall_one_cm":4954},"minecraft:crafted":{"minecraft:oak_planks":40,"minecraft:cooked_porkchop":3,"minecraft:crafting_table":1,"minecraft:wooden_pickaxe":1,"minecraft:furnace":1,"minecraft:stone_axe":2,"minecraft:air":0,"minecraft:stick":28,"minecraft:iron_ingot":15,"minecraft:iron_pickaxe":1,"minecraft:stone_pickaxe":2,"minecraft:wooden_axe":1,"minecraft:torch":20},"minecraft:picked_up":{"minecraft:crafting_table":2,"minecraft:feather":2,"minecraft:chicken":3,"minecraft:andesite":1,"minecraft:birch_planks":11,"minecraft:tuff":8,"minecraft:oak_log":11,"minecraft:lapis_lazuli":17,"minecraft:apple":4,"minecraft:cobbled_deepslate":46,"minecraft:raw_gold":3,"minecraft:iron_sword":1,"minecraft:raw_iron":6,"minecraft:torch":6,"minecraft:porkchop":3,"hexerei:sage_seed":1,"minecraft:rotten_flesh":11,"waystones:waystone":1,"minecraft:bread":1,"minecraft:glow_berries":1,"minecraft:coal":17,"minecraft:cobblestone":133},"minecraft:mined":{"minecraft:tuff":8,"minecraft:crafting_table":2,"minecraft:torch":2,"minecraft:infested_cobblestone":1,"minecraft:cobblestone":4,"minecraft:deepslate_gold_ore":4,"minecraft:lapis_ore":1,"minecraft:diorite":1,"minecraft:wall_torch":4,"minecraft:andesite":1,"minecraft:deepslate_lapis_ore":2,"minecraft:grass":2,"minecraft:oak_log":10,"minecraft:coal_ore":6,"minecraft:deepslate_iron_ore":9,"minecraft:stone":139,"minecraft:oak_leaves":1,"minecraft:deepslate":51}},"DataVersion":3465}