{"stats":{"minecraft:broken":{"minecraft:stone_pickaxe":2},"minecraft:killed":{"minecraft:pig":2,"minecraft:skeleton":2,"minecraft:pillager":1,"minecraft:zombie":9,"minecraft:chicken":3,"minecraft:axolotl":1,"minecraft:silverfish":2},"minecraft:used":{"minecraft:water_bucket":1,"minecraft:stone_pickaxe":288,"minecraft:shield":3,"minecraft:wooden_pickaxe":7,"minecraft:iron_sword":9,"minecraft:rotten_flesh":3,"minecraft:torch":27,"minecraft:glow_berries":10,"minecraft:crafting_table":4,"minecraft:blast_furnace":1,"minecraft:tuff":16,"minecraft:oak_log":1,"minecraft:wooden_axe":17,"minecraft:apple":2,"minecraft:chicken":3,"minecraft:bread":1,"minecraft:iron_pickaxe":15,"minecraft:stone_axe":34,"minecraft:cobblestone":34,"minecraft:furnace":1,"minecraft:cooked_porkchop":2,"minecraft:bucket":2,"minecraft:cobbled_deepslate":4},"minecraft:dropped":{"minecraft:stone_axe":1,"hexerei:sage_seed":1,"minecraft:lapis_lazuli":5,"minecraft:cooked_porkchop":1,"minecraft:cobblestone":22,"minecraft:oak_planks":22,"minecraft:coal":3,"minecraft:stick":2,"waystones:waystone":1},"minecraft:custom":{"minecraft:interact_with_furnace":7,"minecraft:mob_kills":20,"minecraft:interact_with_crafting_table":8,"minecraft:open_barrel":10,"goblintraders:trade_with_goblin":3,"minecraft:time_since_death":39052,"minecraft:climb_one_cm":305,"minecraft:time_since_rest":39052,"minecraft:sprint_one_cm":77207,"minecraft:damage_taken":530,"minecraft:walk_one_cm":116546,"minecraft:damage_blocked_by_shield":85,"minecraft:drop":9,"minecraft:damage_dealt":3102,"minecraft:swim_one_cm":2926,"minecraft:fly_one_cm":49464,"minecraft:open_chest":7,"minecraft:crouch_one_cm":7754,"minecraft:play_time":39052,"minecraft:sneak_time":3823,"minecraft:walk_under_water_one_cm":3753,"minecraft:jump":551,"minecraft:interact_with_blast_furnace":10,"minecraft:walk_on_water_one_cm":7202,"minecraft:total_world_time":39052,"minecraft:fall_one_cm":9033},"minecraft:crafted":{"minecraft:oak_planks":40,"minecraft:coal":2,"minecraft:emerald":1,"minecraft:cooked_porkchop":3,"minecraft:crafting_table":2,"minecraft:wooden_pickaxe":1,"minecraft:furnace":1,"minecraft:stone_axe":2,"minecraft:air":0,"minecraft:shield":1,"minecraft:stick":28,"minecraft:iron_ingot":15,"minecraft:iron_pickaxe":1,"minecraft:stone_pickaxe":3,"minecraft:wooden_axe":1,"minecraft:torch":20},"minecraft:picked_up":{"minecraft:crafting_table":3,"minecraft:feather":2,"minecraft:chicken":3,"minecraft:andesite":1,"minecraft:birch_planks":11,"minecraft:tuff":58,"minecraft:oak_log":11,"minecraft:lapis_lazuli":17,"minecraft:apple":4,"minecraft:bow":1,"minecraft:cobbled_deepslate":51,"minecraft:raw_gold":3,"minecraft:bucket":1,"minecraft:gray_bed":1,"minecraft:oak_planks":8,"minecraft:iron_sword":1,"minecraft:raw_iron":8,"minecraft:big_dripleaf":1,"minecraft:torch":7,"minecraft:porkchop":3,"minecraft:blast_furnace":2,"minecraft:redstone":36,"hexerei:sage_seed":2,"minecraft:rotten_flesh":12,"waystones:waystone":1,"minecraft:bread":1,"minecraft:glow_berries":9,"minecraft:coal":17,"minecraft:cobblestone":133},"minecraft:mined":{"minecraft:deepslate_redstone_ore":9,"minecraft:tuff":58,"minecraft:crafting_table":3,"minecraft:torch":3,"minecraft:cave_vines_plant":1,"minecraft:blast_furnace":2,"minecraft:infested_cobblestone":1,"minecraft:cobblestone":4,"minecraft:deepslate_gold_ore":4,"minecraft:lapis_ore":1,"minecraft:diorite":1,"minecraft:wall_torch":4,"minecraft:big_dripleaf":1,"minecraft:gray_bed":1,"minecraft:andesite":1,"minecraft:deepslate_lapis_ore":2,"minecraft:grass":2,"minecraft:oak_log":10,"minecraft:coal_ore":6,"minecraft:cave_vines":7,"minecraft:deepslate_iron_ore":11,"minecraft:stone":139,"minecraft:oak_leaves":1,"minecraft:deepslate":56}},"DataVersion":3465}