{"stats":{"minecraft:killed":{"minecraft:vindicator":3,"minecraft:spider":9,"minecraft:slime":5,"minecraft:skeleton":4,"wan_ancient_beasts:toxlacanth":1,"artifacts:mimic":1,"minecraft:creeper":1,"minecraft:sheep":3,"minecraft:pillager":1,"minecraft:zombie":6},"minecraft:used":{"minecraft:shield":7,"minecraft:iron_sword":23,"hexerei:courier_letter":5,"minecraft:torch":4,"minecraft:mutton":1,"minecraft:carrot":23,"minecraft:axolotl_bucket":8,"minecraft:dark_oak_planks":43,"minecraft:wooden_axe":7,"minecraft:iron_axe":102,"minecraft:goat_horn":3,"minecraft:furnace":6,"minecraft:cobbled_deepslate":102,"minecraft:light_gray_bed":2,"minecraft:cooked_mutton":3,"minecraft:water_bucket":2,"minecraft:oak_planks":6,"minecraft:wooden_pickaxe":21,"wan_ancient_beasts:toxlacanth_bucket":4,"minecraft:crafting_table":12,"minecraft:crossbow":3,"minecraft:cake":1,"minecraft:diamond_pickaxe":27,"minecraft:bread":14,"minecraft:iron_pickaxe":404,"minecraft:cobblestone":45,"hexerei:waxed_witch_hazel_window_pane":1,"minecraft:bucket":16,"minecraft:tropical_fish_bucket":1,"minecraft:experience_bottle":5},"minecraft:custom":{"minecraft:mob_kills":34,"minecraft:interact_with_crafting_table":27,"minecraft:open_barrel":11,"minecraft:eat_cake_slice":1,"minecraft:time_since_death":77651,"minecraft:climb_one_cm":3966,"minecraft:sprint_one_cm":140906,"minecraft:walk_one_cm":252015,"minecraft:damage_blocked_by_shield":405,"minecraft:drop":75,"minecraft:play_time":77651,"minecraft:sneak_time":6368,"minecraft:walk_under_water_one_cm":9890,"minecraft:jump":1394,"minecraft:walk_on_water_one_cm":19915,"minecraft:total_world_time":77651,"minecraft:interact_with_furnace":70,"minecraft:sleep_in_bed":2,"minecraft:time_since_rest":16780,"minecraft:damage_taken":1121,"minecraft:damage_dealt":6215,"minecraft:fly_one_cm":180623,"minecraft:swim_one_cm":4810,"minecraft:open_chest":34,"minecraft:crouch_one_cm":15623,"minecraft:fall_one_cm":41930},"minecraft:dropped":{"minecraft:golden_boots":1,"minecraft:bread":13,"minecraft:iron_sword":4,"wan_ancient_beasts:toxlacanth":1,"minecraft:dark_oak_slab":3,"minecraft:crossbow":1,"minecraft:iron_helmet":1,"minecraft:purple_concrete":7,"minecraft:tropical_fish":3,"hexerei:waxed_witch_hazel_window_pane":1,"minecraft:diorite":1,"minecraft:torch":10,"minecraft:wooden_axe":1,"minecraft:bone_meal":1,"minecraft:iron_axe":1,"minecraft:iron_pickaxe":2,"minecraft:dark_oak_planks":10,"minecraft:bone":1,"minecraft:gravel":4,"minecraft:blue_terracotta":9,"minecraft:moss_carpet":3,"hexerei:courier_package":3,"minecraft:sugar_cane":3,"hexerei:sage_seed":1,"minecraft:iron_nugget":29,"minecraft:cobbled_deepslate":19,"wan_ancient_beasts:cooked_toxlacanth":1,"minecraft:tuff":1,"minecraft:wheat":2,"minecraft:obsidian":1,"hexerei:courier_letter":4,"minecraft:rotten_flesh":3,"minecraft:oak_planks":5,"minecraft:carrot":8,"minecraft:leather_chestplate":2,"supplementaries:ash":15,"minecraft:flower_pot":1,"minecraft:golden_leggings":1,"minecraft:spider_eye":4,"minecraft:wooden_pickaxe":2},"minecraft:crafted":{"minecraft:oak_planks":24,"wan_ancient_beasts:cooked_toxlacanth":1,"minecraft:furnace":5,"minecraft:cooked_mutton":3,"minecraft:iron_boots":1,"minecraft:iron_axe":1,"minecraft:dark_oak_planks":68,"minecraft:crafting_table":4,"minecraft:wooden_pickaxe":1,"minecraft:bucket":1,"minecraft:bread":23,"minecraft:air":0,"minecraft:diamond_pickaxe":1,"minecraft:shield":1,"minecraft:stick":12,"minecraft:iron_ingot":65,"minecraft:iron_pickaxe":3,"minecraft:wooden_axe":1,"minecraft:iron_leggings":1,"minecraft:gold_ingot":51,"minecraft:torch":4},"minecraft:picked_up":{"minecraft:crafting_table":8,"minecraft:flower_pot":1,"minecraft:wooden_pickaxe":1,"minecraft:stone_brick_stairs":1,"minecraft:string":8,"minecraft:moss_carpet":3,"minecraft:iron_axe":1,"minecraft:zombie_head":1,"minecraft:cobbled_deepslate":149,"hexerei:courier_letter":3,"minecraft:azalea":1,"minecraft:iron_nugget":54,"minecraft:iron_pickaxe":2,"minecraft:sugar_cane":3,"minecraft:furnace":5,"minecraft:stick":15,"minecraft:raw_iron":70,"minecraft:jukebox":1,"minecraft:oak_fence":3,"minecraft:torch":10,"minecraft:diorite":1,"minecraft:redstone":41,"minecraft:dark_oak_planks":22,"hexerei:sage_seed":1,"minecraft:light_gray_bed":3,"minecraft:arrow":7,"minecraft:rotten_flesh":3,"minecraft:tropical_fish":3,"supplementaries:ash":15,"minecraft:obsidian":18,"minecraft:mutton":4,"minecraft:white_wool":2,"minecraft:cobblestone":60,"minecraft:brown_wool":1,"artifacts:anglers_hat":1,"minecraft:tuff":1,"minecraft:oak_log":6,"minecraft:lapis_lazuli":53,"minecraft:bone":12,"minecraft:chipped_anvil":1,"minecraft:raw_gold":64,"hexerei:waxed_witch_hazel_window_pane":2,"minecraft:oak_planks":3,"minecraft:purple_concrete":15,"minecraft:dark_oak_slab":3,"minecraft:gravel":4,"minecraft:spider_eye":4,"minecraft:blue_terracotta":9,"minecraft:slime_ball":6,"minecraft:diamond":3,"minecraft:crossbow":1,"minecraft:bone_meal":1,"minecraft:bread":4,"minecraft:emerald":5,"wan_ancient_beasts:toxlacanth":1,"minecraft:coal":27},"minecraft:mined":{"minecraft:dark_oak_planks":10,"minecraft:tuff":13,"minecraft:deepslate_diamond_ore":3,"hexerei:waxed_witch_hazel_window_pane":2,"minecraft:obsidian":18,"minecraft:decorated_pot":1,"minecraft:light_gray_bed":3,"minecraft:moss_block":3,"minecraft:spawner":1,"minecraft:furnace":5,"minecraft:iron_ore":4,"minecraft:cobbled_deepslate":8,"minecraft:andesite":1,"minecraft:deepslate_lapis_ore":12,"minecraft:deepslate_iron_ore":61,"minecraft:azalea":1,"minecraft:stone":57,"minecraft:potted_allium":1,"minecraft:deepslate_redstone_ore":9,"minecraft:oak_fence":3,"minecraft:crafting_table":8,"minecraft:tall_grass":1,"minecraft:cobblestone":3,"minecraft:deepslate_coal_ore":16,"minecraft:lapis_ore":1,"minecraft:deepslate_gold_ore":54,"minecraft:oak_planks":3,"minecraft:sugar_cane":2,"minecraft:diorite":5,"supplementaries:urn":13,"minecraft:blue_terracotta":5,"minecraft:dark_oak_slab":2,"minecraft:jukebox":1,"minecraft:purple_concrete":12,"minecraft:stone_brick_stairs":1,"minecraft:grass":5,"minecraft:oak_log":6,"minecraft:coal_ore":5,"minecraft:flower_pot":1,"minecraft:gravel":4,"minecraft:small_dripleaf":1,"minecraft:chipped_anvil":1,"minecraft:piston":1,"minecraft:oak_leaves":4,"minecraft:deepslate":138}},"DataVersion":3465}