{"stats":{"minecraft:picked_up":{"chococraft:loverly_gysahl_green":45,"minecraft:flower_pot":1,"minecraft:anvil":3,"morevanillashields:obsidian_shield":1,"minecraft:smithing_table":2,"minecraft:diamond_sword":6,"minecraft:potion":23,"minecraft:enchanted_book":6,"minecraft:amethyst_block":2,"minecraft:string":255,"minecraft:waxed_cut_copper_slab":1,"minecraft:beetroot_soup":2,"minecraft:armor_stand":1,"minecraft:experience_bottle":34,"minecraft:gold_nugget":39,"minecraft:cobbled_deepslate":655,"minecraft:bucket":2,"minecraft:spruce_planks":47,"minecraft:trial_key":20,"minecraft:smooth_quartz":1,"minecraft:iron_pickaxe":5,"minecraft:hopper_minecart":2,"minecraft:furnace":19,"minecraft:tipped_arrow":60,"minecraft:spruce_pressure_plate":3,"minecraft:beehive":1,"minecraft:torch":51,"minecraft:green_bed":1,"minecraft:waxed_copper_grate":6,"minecraft:pointed_dripstone":1,"morevanillashields:amethyst_shield":1,"minecraft:brown_carpet":1,"minecraft:honey_bottle":2,"minecraft:rotten_flesh":15,"farmersdelight:onion":19,"supplementaries:antique_ink":8,"minecraft:iron_block":7,"minecraft:cyan_terracotta":3,"supplementaries:ash":39,"minecraft:snowball":36,"minecraft:cobblestone":296,"minecraft:leather_chestplate":1,"minecraft:cooked_beef":43,"minecraft:cherry_planks":24,"minecraft:water_bucket":4,"minecraft:andesite":6,"minecraft:copper_block":6,"minecraft:smoker":3,"minecraft:potato":176,"minecraft:flint":3,"minecraft:tuff":87,"supplementaries:flax_seeds":2,"minecraft:lapis_lazuli":183,"minecraft:dirt":46,"minecraft:bone":244,"travelersbackpack:backpack_tank":1,"minecraft:bow":7,"minecraft:wheat_seeds":4,"minecraft:raw_gold":77,"minecraft:fletching_table":1,"minecraft:oak_planks":4,"minecraft:scrape_pottery_sherd":1,"minecraft:diorite_wall":2,"minecraft:waxed_chiseled_copper":1,"minecraft:sand":34,"minecraft:stripped_spruce_log":1,"minecraft:grass_block":1,"travelersbackpack:white_sleeping_bag":4,"minecraft:diamond":124,"waystones:waystone":4,"minecraft:cherry_wood":8,"minecraft:granite":10,"minecraft:crossbow":8,"minecraft:breeze_rod":10,"minecraft:golden_apple":1,"minecraft:chainmail_helmet":1,"minecraft:emerald":100,"minecraft:bread":29,"minecraft:music_disc_precipice":2,"minecraft:bricks":1,"minecraft:ominous_trial_key":11,"minecraft:diamond_pickaxe":10,"minecraft:crafting_table":12,"minecraft:ominous_bottle":7,"minecraft:gold_block":5,"minecraft:brick":49,"minecraft:shield":2,"minecraft:wind_charge":64,"minecraft:wooden_sword":1,"artifacts:feral_claws":1,"minecraft:cartography_table":1,"minecraft:beef":25,"minecraft:chiseled_tuff":1,"minecraft:sugar_cane":16,"minecraft:egg":6,"minecraft:raw_iron":33,"minecraft:copper_ingot":13,"minecraft:mace":7,"minecraft:stone_button":3,"minecraft:redstone":176,"minecraft:music_disc_creator_music_box":2,"minecraft:arrow":403,"minecraft:decorated_pot":8,"minecraft:pink_glazed_terracotta":2,"minecraft:hay_block":15,"minecraft:saddle":1,"minecraft:flow_armor_trim_smithing_template":1,"minecraft:gold_ingot":235,"minecraft:tuff_bricks":33,"minecraft:mutton":1,"minecraft:skeleton_skull":1,"minecraft:white_wool":8,"minecraft:golden_carrot":8,"artifacts:digging_claws":1,"minecraft:leather":45,"minecraft:red_glazed_terracotta":2,"minecraft:red_mushroom":2,"minecraft:filled_map":1,"minecraft:waxed_copper_block":7,"minecraft:jungle_button":1,"minecraft:gunpowder":9,"minecraft:paper":8,"minecraft:white_banner":6,"minecraft:cooked_mutton":2,"chococraft:chocobo_feather":17,"minecraft:light_blue_banner":1,"chococraft:gysahl_green":977,"minecraft:apple":1,"chococraft:gold_gysahl":24,"minecraft:iron_ingot":89,"minecraft:polished_tuff_slab":1,"minecraft:cooked_chicken":8,"minecraft:cobweb":125,"minecraft:glass_bottle":2,"minecraft:iron_sword":2,"minecraft:dark_oak_stairs":2,"minecraft:book":72,"minecraft:scaffolding":1,"minecraft:emerald_block":1,"minecraft:heavy_core":1,"minecraft:gravel":14,"minecraft:amethyst_shard":23,"chococraft:gysahl_green_seeds":82,"minecraft:blast_furnace":1,"minecraft:spruce_log":22,"minecraft:spider_eye":30,"minecraft:polished_tuff":6,"travelersbackpack:standard":1,"minecraft:diamond_shovel":1,"minecraft:slime_ball":6,"minecraft:diamond_axe":12,"minecraft:baked_potato":64,"minecraft:damaged_anvil":1,"minecraft:coal":99,"minecraft:chiseled_tuff_bricks":7,"minecraft:ender_pearl":4},"minecraft:crafted":{"morevanillashields:amethyst_shield":1,"minecraft:mace":1,"minecraft:glass":22,"minecraft:diamond_helmet":2,"minecraft:diamond_leggings":1,"minecraft:iron_boots":2,"minecraft:chest":5,"minecraft:flow_armor_trim_smithing_template":4,"minecraft:copper_block":1,"travelersbackpack:iron_tier_upgrade":2,"minecraft:emerald":9,"minecraft:crafting_table":3,"minecraft:spruce_planks":88,"minecraft:iron_helmet":2,"minecraft:baked_potato":50,"minecraft:wooden_pickaxe":1,"travelersbackpack:standard":5,"minecraft:smithing_table":1,"minecraft:gold_block":19,"minecraft:bolt_armor_trim_smithing_template":4,"minecraft:iron_chestplate":2,"minecraft:shield":7,"minecraft:stick":48,"minecraft:iron_ingot":127,"minecraft:gold_ingot":186,"chococraft:gysahl_green_seeds":158,"minecraft:shears":1,"minecraft:cherry_planks":32,"minecraft:wind_charge":12,"minecraft:furnace":4,"minecraft:bone_meal":369,"travelersbackpack:blank_upgrade":4,"travelersbackpack:gold_tier_upgrade":1,"travelersbackpack:white_sleeping_bag":3,"minecraft:stone_pickaxe":1,"minecraft:diamond_boots":2,"travelersbackpack:diamond_tier_upgrade":1,"minecraft:wheat":81,"minecraft:cooked_beef":30,"travelersbackpack:backpack_tank":2,"minecraft:bucket":1,"minecraft:stone_axe":1,"minecraft:bread":27,"minecraft:air":0,"minecraft:white_wool":10,"minecraft:golden_apple":2,"minecraft:raw_gold":45,"minecraft:iron_leggings":2,"minecraft:torch":104,"minecraft:diamond_chestplate":1},"minecraft:used":{"minecraft:decorated_pot":2,"minecraft:chest":4,"minecraft:shield":157,"minecraft:iron_sword":243,"morevanillashields:obsidian_shield":45,"minecraft:tuff":36,"minecraft:beehive":1,"minecraft:snowball":36,"minecraft:cyan_terracotta":3,"minecraft:lava_bucket":2,"minecraft:bricks":1,"minecraft:diorite_wall":2,"minecraft:bow":185,"minecraft:ominous_bottle":1,"minecraft:jungle_button":1,"minecraft:furnace":14,"minecraft:skeleton_skull":1,"minecraft:egg":4,"minecraft:damaged_anvil":1,"minecraft:stone_pickaxe":46,"minecraft:wooden_pickaxe":3,"minecraft:sugar_cane":1,"minecraft:diamond_axe":259,"minecraft:golden_apple":1,"minecraft:blast_furnace":1,"minecraft:crossbow":17,"minecraft:shears":91,"waystones:waystone":1,"minecraft:mace":19,"minecraft:bread":87,"minecraft:diamond_sword":218,"minecraft:smithing_table":3,"chococraft:gysahl_green":43,"minecraft:bone_meal":359,"minecraft:cobweb":60,"minecraft:spruce_planks":2,"minecraft:trial_key":9,"minecraft:cooked_chicken":5,"minecraft:torch":131,"minecraft:dirt":36,"minecraft:golden_carrot":6,"minecraft:cooked_beef":34,"minecraft:cobbled_deepslate":338,"minecraft:beetroot_soup":1,"minecraft:water_bucket":109,"minecraft:amethyst_block":1,"minecraft:baked_potato":60,"minecraft:cartography_table":1,"farmersdelight:onion":4,"minecraft:crafting_table":15,"minecraft:smoker":1,"minecraft:polished_tuff_slab":1,"minecraft:diamond_pickaxe":456,"minecraft:apple":4,"minecraft:ominous_trial_key":3,"chococraft:gysahl_green_seeds":227,"minecraft:wind_charge":15,"minecraft:spruce_pressure_plate":2,"minecraft:iron_pickaxe":121,"minecraft:map":1,"travelersbackpack:white_sleeping_bag":6,"minecraft:stone_axe":24,"morevanillashields:amethyst_shield":30,"minecraft:cobblestone":101,"minecraft:potion":4,"travelersbackpack:standard":1,"minecraft:white_banner":1,"minecraft:bucket":111},"minecraft:killed":{"minecraft:cave_spider":31,"minecraft:witch":1,"minecraft:spider":30,"minecraft:skeleton":55,"artifacts:mimic":1,"minecraft:creeper":5,"minecraft:sheep":1,"minecraft:pillager":3,"minecraft:zombie":20,"minecraft:stray":56,"minecraft:cow":12,"creepycreepers:tuff_creeper":1,"minecraft:vindicator":1,"minecraft:slime":13,"creepycreepers:ghostly_creeper":2,"minecraft:breeze":6,"minecraft:player":1,"minecraft:enderman":4},"minecraft:killed_by":{"creepycreepers:ghostly_creeper":1,"minecraft:vindicator":1,"minecraft:skeleton":2},"minecraft:mined":{"minecraft:spruce_planks":4,"minecraft:sculk_vein":5,"minecraft:granite":5,"minecraft:budding_amethyst":1,"minecraft:grass_block":8,"waystones:waystone":1,"minecraft:chiseled_tuff_bricks":4,"minecraft:tuff_bricks":12,"minecraft:spawner":5,"minecraft:iron_ore":6,"minecraft:cobbled_deepslate":23,"minecraft:fire":2,"minecraft:polished_tuff":1,"minecraft:deepslate_lapis_ore":12,"minecraft:fletching_table":1,"minecraft:dark_oak_stairs":2,"chococraft:gysahl_green":99,"minecraft:dirt_path":4,"easyanvils:minecraft/damaged_anvil":1,"minecraft:spruce_pressure_plate":2,"easyanvils:minecraft/anvil":1,"minecraft:green_bed":1,"minecraft:deepslate_redstone_ore":11,"minecraft:cyan_terracotta":3,"minecraft:smoker":2,"minecraft:amethyst_cluster":5,"minecraft:blast_furnace":1,"minecraft:cobblestone":28,"minecraft:oak_planks":5,"minecraft:sugar_cane":1,"minecraft:waxed_chiseled_copper":1,"minecraft:bricks":1,"minecraft:wall_torch":4,"minecraft:amethyst_block":1,"minecraft:waxed_copper_block":4,"minecraft:smooth_stone_slab":1,"minecraft:diorite_wall":2,"minecraft:smooth_quartz":1,"minecraft:sand":6,"minecraft:dirt":17,"minecraft:deepslate":358,"minecraft:oak_leaves":1,"minecraft:tuff":43,"farmersdelight:onions":7,"minecraft:deepslate_diamond_ore":49,"farmersdelight:wild_carrots":1,"minecraft:decorated_pot":20,"travelersbackpack:white_sleeping_bag":4,"minecraft:cherry_wood":8,"minecraft:spruce_leaves":4,"minecraft:cartography_table":1,"minecraft:hay_block":9,"minecraft:light_blue_wall_banner":1,"minecraft:furnace":11,"minecraft:waxed_copper_grate":7,"minecraft:andesite":2,"minecraft:gold_block":1,"minecraft:chiseled_tuff":1,"minecraft:bookshelf":11,"minecraft:potatoes":27,"minecraft:deepslate_iron_ore":14,"minecraft:cobblestone_slab":1,"minecraft:stone":124,"minecraft:pink_glazed_terracotta":2,"minecraft:smithing_table":2,"minecraft:scaffolding":1,"minecraft:dandelion":1,"minecraft:crafting_table":12,"minecraft:short_grass":7,"minecraft:sculk_sensor":4,"minecraft:tall_grass":1,"minecraft:deepslate_coal_ore":4,"minecraft:deepslate_gold_ore":64,"minecraft:sculk":5,"supplementaries:urn":23,"minecraft:beehive":1,"minecraft:ice":3,"minecraft:spruce_log":23,"minecraft:white_wall_banner":1,"minecraft:coal_ore":30,"minecraft:cherry_leaves":1,"minecraft:gravel":14,"minecraft:cobweb":161},"minecraft:broken":{"minecraft:iron_sword":1,"morevanillashields:amethyst_shield":1,"morevanillashields:obsidian_shield":1,"minecraft:shield":1},"minecraft:dropped":{"minecraft:iron_sword":2,"chococraft:loverly_gysahl_green":7,"minecraft:diamond_axe":3,"minecraft:lapis_lazuli":74,"minecraft:cooked_beef":4,"minecraft:baked_potato":16,"minecraft:ender_pearl":1,"minecraft:glass_bottle":2,"minecraft:diamond":10,"minecraft:decorated_pot":6,"minecraft:crossbow":7,"minecraft:leather":9,"minecraft:fletching_table":1,"minecraft:saddle":1,"travelersbackpack:standard":1,"minecraft:red_mushroom":2,"minecraft:flint":3,"minecraft:emerald":25,"minecraft:dirt":6,"minecraft:mace":2,"minecraft:stone_button":2,"minecraft:mutton":1,"minecraft:scrape_pottery_sherd":1,"minecraft:gold_nugget":17,"farmersdelight:onion":16,"minecraft:wooden_sword":1,"minecraft:amethyst_shard":2,"minecraft:sand":12,"minecraft:bolt_armor_trim_smithing_template":1,"minecraft:iron_pickaxe":6,"travelersbackpack:backpack_tank":1,"minecraft:pink_glazed_terracotta":2,"minecraft:white_wool":7,"minecraft:armor_stand":1,"minecraft:gold_ingot":60,"minecraft:bone":84,"minecraft:waxed_cut_copper_slab":1,"minecraft:red_glazed_terracotta":2,"minecraft:stone_axe":1,"minecraft:compass":1,"minecraft:chiseled_tuff_bricks":7,"minecraft:cobbled_deepslate":77,"minecraft:pointed_dripstone":1,"minecraft:rotten_flesh":13,"minecraft:oak_planks":4,"minecraft:diamond_shovel":2,"minecraft:cooked_mutton":2,"minecraft:honey_bottle":2,"minecraft:waxed_copper_block":7,"minecraft:carrot":1,"supplementaries:antique_ink":4,"minecraft:wind_charge":54,"minecraft:leather_chestplate":1,"supplementaries:ash":25,"minecraft:tipped_arrow":30,"minecraft:gunpowder":2,"minecraft:spruce_pressure_plate":1,"minecraft:arrow":44,"minecraft:chiseled_tuff":1,"minecraft:beef":7,"minecraft:scaffolding":1,"minecraft:egg":2,"minecraft:enchanted_book":4,"minecraft:water_bucket":3,"minecraft:iron_ingot":75,"minecraft:bread":11,"minecraft:stripped_spruce_log":1,"minecraft:wheat_seeds":4,"minecraft:copper_block":6,"chococraft:gold_gysahl":24,"minecraft:iron_helmet":2,"minecraft:cobblestone":55,"minecraft:book":72,"minecraft:waxed_copper_grate":6,"minecraft:polished_tuff":6,"minecraft:amethyst_block":1,"chococraft:gysahl_green_seeds":12,"minecraft:granite":4,"minecraft:hopper_minecart":1,"minecraft:ominous_trial_key":8,"minecraft:chainmail_helmet":1,"minecraft:coal":14,"minecraft:flow_armor_trim_smithing_template":1,"minecraft:stick":7,"minecraft:torch":11,"minecraft:smooth_quartz":1,"minecraft:potion":3,"minecraft:iron_leggings":1,"minecraft:white_banner":4,"minecraft:iron_axe":1,"artifacts:feral_claws":1,"minecraft:paper":8,"minecraft:string":42,"minecraft:beetroot_soup":2,"minecraft:redstone":57,"minecraft:furnace":2,"minecraft:tuff_bricks":33,"chococraft:chocobo_feather":6,"minecraft:bowl":1,"minecraft:green_bed":1,"minecraft:tuff":32,"minecraft:raw_iron":6,"minecraft:iron_boots":1,"minecraft:smoker":2,"minecraft:name_tag":1,"minecraft:filled_map":2,"minecraft:diamond_sword":1,"minecraft:shield":3,"minecraft:flower_pot":1,"minecraft:trial_key":11,"minecraft:spruce_planks":2,"minecraft:iron_chestplate":1,"minecraft:diamond_pickaxe":4,"minecraft:spider_eye":30,"minecraft:waxed_chiseled_copper":1,"minecraft:slime_ball":6,"minecraft:wooden_pickaxe":1,"minecraft:raw_gold":4,"waystones:waystone":3,"chococraft:gysahl_green":396,"minecraft:brick":49},"minecraft:custom":{"minecraft:interact_with_crafting_table":69,"minecraft:open_barrel":47,"minecraft:bell_ring":4,"minecraft:eat_cake_slice":1,"minecraft:leave_game":11,"minecraft:time_since_death":150266,"minecraft:sprint_one_cm":1712411,"minecraft:damage_blocked_by_shield":14233,"minecraft:drop":301,"minecraft:talked_to_villager":9,"minecraft:play_time":480186,"minecraft:deaths":5,"minecraft:jump":8715,"minecraft:walk_on_water_one_cm":61235,"minecraft:interact_with_furnace":154,"minecraft:interact_with_cartography_table":2,"minecraft:sleep_in_bed":9,"minecraft:waystone_activated":6,"minecraft:damage_dealt":40081,"minecraft:player_kills":1,"minecraft:crouch_one_cm":58181,"minecraft:interact_with_smoker":15,"minecraft:inspect_dispenser":9,"minecraft:interact_with_smithing_table":27,"minecraft:interact_with_anvil":4,"minecraft:mob_kills":258,"minecraft:damage_dealt_resisted":44,"minecraft:climb_one_cm":12739,"minecraft:walk_one_cm":1416748,"minecraft:raid_win":1,"minecraft:sneak_time":18208,"minecraft:walk_under_water_one_cm":38783,"minecraft:interact_with_blast_furnace":8,"minecraft:total_world_time":480186,"minecraft:tune_noteblock":12,"minecraft:interact_with_grindstone":1,"minecraft:time_since_rest":37408,"minecraft:damage_taken":10775,"minecraft:damage_absorbed":39,"minecraft:swim_one_cm":48084,"minecraft:fly_one_cm":1633713,"minecraft:open_chest":238,"minecraft:fall_one_cm":205393}},"DataVersion":3953}