{"stats":{"minecraft:broken":{"minecraft:shield":1},"minecraft:killed":{"minecraft:spider":11,"minecraft:vindicator":3,"minecraft:slime":5,"minecraft:skeleton":16,"wan_ancient_beasts:toxlacanth":1,"artifacts:mimic":2,"minecraft:bat":1,"minecraft:creeper":2,"minecraft:sheep":5,"minecraft:pillager":1,"minecraft:zombie":29,"minecraft:cow":4},"minecraft:used":{"minecraft:chest":2,"minecraft:shield":46,"minecraft:iron_sword":167,"hexerei:courier_letter":5,"minecraft:torch":8,"minecraft:mutton":1,"minecraft:carrot":23,"minecraft:axolotl_bucket":9,"minecraft:dark_oak_planks":62,"minecraft:wooden_axe":7,"minecraft:iron_axe":105,"minecraft:beef":7,"minecraft:goat_horn":3,"minecraft:furnace":14,"minecraft:cooked_beef":3,"minecraft:potato":1,"minecraft:cobbled_deepslate":191,"minecraft:light_gray_bed":2,"minecraft:cooked_mutton":4,"minecraft:water_bucket":2,"minecraft:baked_potato":20,"minecraft:oak_planks":6,"minecraft:wooden_pickaxe":21,"wan_ancient_beasts:toxlacanth_bucket":4,"minecraft:crafting_table":13,"minecraft:crossbow":3,"minecraft:cake":1,"minecraft:diamond_pickaxe":260,"minecraft:dark_oak_log":1,"minecraft:bread":14,"minecraft:iron_pickaxe":404,"minecraft:cobblestone":45,"hexerei:waxed_witch_hazel_window_pane":1,"minecraft:bucket":17,"minecraft:tropical_fish_bucket":1,"minecraft:experience_bottle":5},"minecraft:custom":{"minecraft:mob_kills":81,"minecraft:interact_with_crafting_table":29,"minecraft:open_barrel":12,"minecraft:eat_cake_slice":1,"minecraft:leave_game":1,"minecraft:time_since_death":123045,"minecraft:climb_one_cm":3966,"minecraft:sprint_one_cm":300473,"minecraft:walk_one_cm":412127,"minecraft:damage_blocked_by_shield":2805,"minecraft:drop":96,"minecraft:play_time":123045,"minecraft:sneak_time":8360,"minecraft:walk_under_water_one_cm":19873,"minecraft:jump":2591,"minecraft:walk_on_water_one_cm":28265,"minecraft:total_world_time":123045,"minecraft:interact_with_furnace":106,"minecraft:sleep_in_bed":3,"minecraft:time_since_rest":38308,"minecraft:damage_taken":2620,"minecraft:damage_dealt":15081,"minecraft:swim_one_cm":45915,"minecraft:fly_one_cm":324037,"minecraft:open_chest":39,"minecraft:crouch_one_cm":20797,"minecraft:fall_one_cm":71871},"minecraft:dropped":{"minecraft:golden_boots":1,"minecraft:bread":13,"minecraft:iron_sword":4,"minecraft:golden_helmet":2,"wan_ancient_beasts:toxlacanth":1,"minecraft:dark_oak_slab":3,"minecraft:crossbow":2,"minecraft:iron_helmet":1,"minecraft:purple_concrete":7,"minecraft:tropical_fish":3,"hexerei:waxed_witch_hazel_window_pane":1,"minecraft:stick":16,"minecraft:diorite":1,"minecraft:torch":10,"minecraft:wooden_axe":1,"minecraft:bone_meal":1,"minecraft:iron_axe":1,"minecraft:iron_pickaxe":3,"minecraft:chipped_anvil":1,"minecraft:dark_oak_planks":57,"minecraft:bone":24,"minecraft:gravel":4,"minecraft:furnace":2,"minecraft:blue_terracotta":9,"hexerei:courier_package":3,"minecraft:moss_carpet":3,"minecraft:goat_horn":1,"minecraft:sugar_cane":3,"hexerei:sage_seed":1,"minecraft:iron_nugget":29,"minecraft:cobbled_deepslate":19,"wan_ancient_beasts:cooked_toxlacanth":1,"minecraft:tuff":1,"minecraft:wheat":2,"minecraft:obsidian":1,"hexerei:courier_letter":4,"minecraft:rotten_flesh":7,"minecraft:oak_planks":5,"minecraft:cooked_mutton":1,"minecraft:carrot":8,"minecraft:leather_chestplate":2,"supplementaries:ash":15,"minecraft:potato":4,"minecraft:flower_pot":1,"minecraft:gunpowder":2,"minecraft:diamond_pickaxe":1,"minecraft:golden_leggings":1,"minecraft:spider_eye":5,"minecraft:beef":3,"minecraft:wooden_pickaxe":2},"minecraft:crafted":{"minecraft:oak_planks":24,"wan_ancient_beasts:cooked_toxlacanth":1,"minecraft:furnace":5,"minecraft:cooked_mutton":5,"minecraft:iron_boots":1,"minecraft:iron_axe":1,"minecraft:chest":2,"minecraft:dark_oak_planks":176,"minecraft:cooked_beef":3,"minecraft:crafting_table":5,"minecraft:wooden_pickaxe":1,"minecraft:baked_potato":20,"minecraft:bucket":1,"minecraft:bread":23,"minecraft:air":0,"minecraft:diamond_pickaxe":1,"minecraft:shield":1,"minecraft:stick":16,"minecraft:iron_ingot":65,"minecraft:iron_pickaxe":3,"minecraft:wooden_axe":1,"minecraft:gold_ingot":51,"minecraft:iron_leggings":1,"minecraft:torch":8},"minecraft:picked_up":{"minecraft:crafting_table":8,"minecraft:flower_pot":1,"minecraft:anvil":1,"minecraft:wooden_pickaxe":1,"minecraft:stone_brick_stairs":1,"minecraft:string":9,"minecraft:moss_carpet":3,"minecraft:iron_axe":1,"minecraft:zombie_head":1,"minecraft:cobbled_deepslate":235,"hexerei:courier_letter":3,"artifacts:aqua_dashers":1,"minecraft:beef":13,"minecraft:azalea":1,"minecraft:iron_nugget":54,"minecraft:iron_pickaxe":2,"minecraft:sugar_cane":3,"minecraft:furnace":11,"minecraft:golden_helmet":1,"minecraft:stick":22,"minecraft:raw_iron":152,"minecraft:jukebox":1,"minecraft:oak_fence":3,"minecraft:torch":10,"minecraft:diorite":1,"minecraft:redstone":41,"minecraft:dark_oak_planks":68,"hexerei:sage_seed":1,"minecraft:arrow":21,"minecraft:light_gray_bed":3,"minecraft:rotten_flesh":7,"minecraft:tropical_fish":3,"minecraft:diamond_boots":1,"supplementaries:ash":15,"minecraft:obsidian":18,"minecraft:mutton":7,"minecraft:white_wool":4,"minecraft:cobblestone":60,"minecraft:birch_log":3,"minecraft:leather":4,"minecraft:brown_wool":1,"minecraft:potato":4,"artifacts:anglers_hat":1,"minecraft:tuff":1,"minecraft:oak_log":6,"minecraft:gunpowder":2,"minecraft:lapis_lazuli":59,"minecraft:bone":55,"minecraft:chipped_anvil":2,"minecraft:raw_gold":105,"hexerei:waxed_witch_hazel_window_pane":2,"minecraft:oak_planks":3,"minecraft:purple_concrete":15,"hexerei:animal_fat":1,"minecraft:dark_oak_slab":3,"minecraft:gravel":4,"minecraft:dark_oak_log":1,"minecraft:spider_eye":5,"minecraft:blue_terracotta":9,"minecraft:slime_ball":12,"minecraft:diamond":8,"minecraft:iron_helmet":1,"minecraft:crossbow":1,"minecraft:bone_meal":1,"minecraft:emerald":16,"minecraft:bread":4,"wan_ancient_beasts:toxlacanth":1,"minecraft:coal":28,"minecraft:diamond_pickaxe":1},"minecraft:mined":{"minecraft:dark_oak_planks":11,"minecraft:tuff":13,"minecraft:deepslate_diamond_ore":8,"minecraft:dark_oak_log":1,"hexerei:waxed_witch_hazel_window_pane":2,"minecraft:obsidian":18,"minecraft:decorated_pot":1,"minecraft:light_gray_bed":3,"minecraft:moss_block":4,"minecraft:spawner":1,"minecraft:furnace":9,"minecraft:iron_ore":26,"minecraft:cobbled_deepslate":31,"minecraft:andesite":2,"minecraft:moss_carpet":1,"minecraft:deepslate_lapis_ore":14,"minecraft:anvil":1,"minecraft:deepslate_iron_ore":122,"minecraft:azalea":1,"minecraft:stone":60,"minecraft:potted_allium":1,"minecraft:deepslate_redstone_ore":9,"minecraft:oak_fence":3,"minecraft:crafting_table":8,"minecraft:tall_grass":4,"minecraft:cobblestone":3,"minecraft:deepslate_coal_ore":16,"minecraft:lapis_ore":1,"minecraft:deepslate_gold_ore":88,"minecraft:sugar_cane":2,"minecraft:oak_planks":3,"minecraft:diorite":5,"supplementaries:urn":48,"minecraft:blue_terracotta":5,"minecraft:dark_oak_slab":2,"minecraft:jukebox":1,"minecraft:birch_leaves":1,"minecraft:purple_concrete":12,"minecraft:stone_brick_stairs":1,"minecraft:grass":6,"minecraft:oak_log":6,"minecraft:coal_ore":5,"minecraft:gravel":4,"minecraft:flower_pot":1,"minecraft:small_dripleaf":1,"minecraft:chipped_anvil":1,"minecraft:gold_ore":7,"minecraft:piston":1,"minecraft:oak_leaves":4,"minecraft:deepslate":202}},"DataVersion":3465}