{"stats":{"minecraft:killed":{"minecraft:sheep":1},"minecraft:used":{"minecraft:wooden_axe":2,"minecraft:crafting_table":2,"minecraft:wooden_pickaxe":1},"minecraft:custom":{"minecraft:open_barrel":5,"minecraft:time_since_rest":5651,"minecraft:open_chest":1,"minecraft:crouch_one_cm":46,"minecraft:play_time":5651,"minecraft:sprint_one_cm":14397,"minecraft:damage_taken":88,"minecraft:walk_one_cm":39829,"minecraft:sneak_time":28,"minecraft:walk_under_water_one_cm":781,"minecraft:mob_kills":1,"minecraft:jump":117,"minecraft:damage_dealt":90,"minecraft:walk_on_water_one_cm":904,"minecraft:time_since_death":5651,"minecraft:total_world_time":5651,"minecraft:climb_one_cm":340,"minecraft:interact_with_crafting_table":2,"minecraft:fall_one_cm":5377,"minecraft:fly_one_cm":17173},"minecraft:crafted":{"minecraft:oak_planks":24,"minecraft:crafting_table":1,"minecraft:stick":8,"minecraft:wooden_pickaxe":1,"minecraft:wooden_axe":1},"minecraft:picked_up":{"minecraft:crafting_table":1,"minecraft:light_gray_bed":1,"minecraft:oak_log":6,"hexerei:waxed_witch_hazel_window_pane":2,"minecraft:mutton":1,"minecraft:white_wool":1},"minecraft:mined":{"minecraft:oak_log":6,"minecraft:light_gray_bed":1,"hexerei:waxed_witch_hazel_window_pane":2,"minecraft:oak_leaves":4,"minecraft:crafting_table":1}},"DataVersion":3465}