{"stats":{"minecraft:killed":{"minecraft:vindicator":3,"minecraft:spider":3,"minecraft:slime":5,"minecraft:skeleton":1,"wan_ancient_beasts:toxlacanth":1,"minecraft:sheep":3,"minecraft:pillager":1,"minecraft:zombie":2},"minecraft:used":{"hexerei:courier_letter":5,"minecraft:mutton":1,"minecraft:carrot":6,"minecraft:axolotl_bucket":1,"minecraft:dark_oak_planks":43,"minecraft:wooden_axe":7,"minecraft:iron_axe":69,"minecraft:furnace":5,"minecraft:cobbled_deepslate":3,"minecraft:light_gray_bed":1,"minecraft:cooked_mutton":3,"minecraft:water_bucket":1,"minecraft:oak_planks":6,"minecraft:wooden_pickaxe":21,"wan_ancient_beasts:toxlacanth_bucket":3,"minecraft:crafting_table":11,"minecraft:crossbow":2,"minecraft:bread":14,"minecraft:iron_pickaxe":329,"minecraft:cobblestone":45,"hexerei:waxed_witch_hazel_window_pane":1,"minecraft:bucket":7,"minecraft:tropical_fish_bucket":1,"minecraft:experience_bottle":5},"minecraft:custom":{"minecraft:mob_kills":19,"minecraft:interact_with_crafting_table":23,"minecraft:open_barrel":8,"minecraft:time_since_death":53651,"minecraft:climb_one_cm":3428,"minecraft:sprint_one_cm":107076,"minecraft:walk_one_cm":181156,"minecraft:drop":69,"minecraft:play_time":53651,"minecraft:sneak_time":2653,"minecraft:walk_under_water_one_cm":8188,"minecraft:jump":918,"minecraft:walk_on_water_one_cm":14992,"minecraft:total_world_time":53651,"minecraft:interact_with_furnace":44,"minecraft:time_since_rest":53651,"minecraft:damage_taken":817,"minecraft:damage_dealt":2687,"minecraft:fly_one_cm":134275,"minecraft:swim_one_cm":4160,"minecraft:open_chest":29,"minecraft:crouch_one_cm":6535,"minecraft:fall_one_cm":28597},"minecraft:dropped":{"minecraft:golden_boots":1,"minecraft:bread":13,"minecraft:iron_sword":4,"wan_ancient_beasts:toxlacanth":1,"minecraft:dark_oak_slab":3,"minecraft:iron_helmet":1,"minecraft:purple_concrete":7,"minecraft:tropical_fish":3,"hexerei:waxed_witch_hazel_window_pane":1,"minecraft:diorite":1,"minecraft:torch":10,"minecraft:wooden_axe":1,"minecraft:bone_meal":1,"minecraft:iron_axe":1,"minecraft:iron_pickaxe":1,"minecraft:dark_oak_planks":10,"minecraft:bone":1,"minecraft:gravel":4,"minecraft:blue_terracotta":9,"hexerei:courier_package":3,"minecraft:sugar_cane":3,"hexerei:sage_seed":1,"minecraft:iron_nugget":29,"minecraft:cobbled_deepslate":19,"wan_ancient_beasts:cooked_toxlacanth":1,"minecraft:wheat":2,"minecraft:obsidian":1,"hexerei:courier_letter":4,"minecraft:rotten_flesh":2,"minecraft:oak_planks":5,"minecraft:carrot":8,"minecraft:leather_chestplate":2,"supplementaries:ash":8,"minecraft:flower_pot":1,"minecraft:golden_leggings":1,"minecraft:spider_eye":4,"minecraft:wooden_pickaxe":2},"minecraft:crafted":{"minecraft:oak_planks":24,"wan_ancient_beasts:cooked_toxlacanth":1,"minecraft:furnace":5,"minecraft:cooked_mutton":3,"minecraft:iron_boots":1,"minecraft:iron_axe":1,"minecraft:dark_oak_planks":68,"minecraft:crafting_table":4,"minecraft:wooden_pickaxe":1,"minecraft:bucket":1,"minecraft:bread":23,"minecraft:air":0,"minecraft:shield":1,"minecraft:stick":12,"minecraft:iron_ingot":44,"minecraft:iron_pickaxe":3,"minecraft:wooden_axe":1,"minecraft:iron_leggings":1,"minecraft:gold_ingot":44},"minecraft:picked_up":{"minecraft:crafting_table":7,"minecraft:flower_pot":1,"minecraft:wooden_pickaxe":1,"minecraft:stone_brick_stairs":1,"minecraft:string":1,"minecraft:iron_axe":1,"minecraft:zombie_head":1,"minecraft:cobbled_deepslate":121,"hexerei:courier_letter":3,"minecraft:iron_nugget":54,"minecraft:iron_pickaxe":1,"minecraft:sugar_cane":3,"minecraft:furnace":1,"minecraft:raw_iron":55,"minecraft:jukebox":1,"minecraft:oak_fence":3,"minecraft:torch":10,"minecraft:diorite":1,"minecraft:redstone":41,"minecraft:dark_oak_planks":19,"hexerei:sage_seed":1,"minecraft:light_gray_bed":2,"minecraft:arrow":2,"minecraft:rotten_flesh":2,"minecraft:tropical_fish":3,"supplementaries:ash":8,"minecraft:mutton":4,"minecraft:white_wool":2,"minecraft:cobblestone":60,"minecraft:brown_wool":1,"minecraft:oak_log":6,"minecraft:lapis_lazuli":43,"minecraft:bone":8,"minecraft:chipped_anvil":1,"minecraft:raw_gold":58,"hexerei:waxed_witch_hazel_window_pane":2,"minecraft:oak_planks":3,"minecraft:purple_concrete":15,"minecraft:dark_oak_slab":3,"minecraft:gravel":4,"minecraft:spider_eye":4,"minecraft:blue_terracotta":9,"minecraft:slime_ball":6,"minecraft:bone_meal":1,"minecraft:bread":4,"minecraft:emerald":5,"wan_ancient_beasts:toxlacanth":1,"minecraft:coal":14},"minecraft:mined":{"minecraft:dark_oak_planks":10,"minecraft:tuff":4,"hexerei:waxed_witch_hazel_window_pane":2,"minecraft:decorated_pot":1,"minecraft:light_gray_bed":2,"minecraft:furnace":1,"minecraft:iron_ore":4,"minecraft:andesite":1,"minecraft:deepslate_lapis_ore":7,"minecraft:deepslate_iron_ore":51,"minecraft:stone":57,"minecraft:potted_allium":1,"minecraft:deepslate_redstone_ore":9,"minecraft:oak_fence":3,"minecraft:crafting_table":7,"minecraft:tall_grass":1,"minecraft:cobblestone":3,"minecraft:deepslate_coal_ore":10,"minecraft:deepslate_gold_ore":48,"minecraft:oak_planks":3,"minecraft:sugar_cane":2,"minecraft:diorite":5,"supplementaries:urn":9,"minecraft:blue_terracotta":5,"minecraft:dark_oak_slab":2,"minecraft:jukebox":1,"minecraft:purple_concrete":12,"minecraft:stone_brick_stairs":1,"minecraft:grass":4,"minecraft:oak_log":6,"minecraft:coal_ore":4,"minecraft:flower_pot":1,"minecraft:gravel":4,"minecraft:small_dripleaf":1,"minecraft:chipped_anvil":1,"minecraft:piston":1,"minecraft:oak_leaves":4,"minecraft:deepslate":116}},"DataVersion":3465}