{"stats":{"minecraft:used":{"minecraft:stone_axe":8,"minecraft:crafting_table":1,"minecraft:wooden_pickaxe":33},"minecraft:custom":{"minecraft:time_since_rest":5054,"minecraft:crouch_one_cm":157,"minecraft:play_time":5054,"minecraft:sprint_one_cm":9011,"minecraft:walk_one_cm":11972,"minecraft:sneak_time":23,"minecraft:jump":24,"minecraft:time_since_death":5054,"minecraft:total_world_time":5054,"minecraft:climb_one_cm":138,"minecraft:interact_with_crafting_table":2,"minecraft:fly_one_cm":3012},"minecraft:crafted":{"minecraft:birch_planks":44,"minecraft:stone_axe":1,"minecraft:crafting_table":1,"minecraft:stick":4,"minecraft:wooden_pickaxe":1},"minecraft:picked_up":{"minecraft:birch_log":18,"minecraft:birch_sapling":2,"minecraft:dirt":7,"minecraft:cobblestone":30},"minecraft:mined":{"minecraft:grass_block":3,"minecraft:dirt":4,"minecraft:birch_log":18,"minecraft:stone":30,"minecraft:birch_leaves":5}},"DataVersion":3465}