{"stats":{"minecraft:picked_up":{"chococraft:loverly_gysahl_green":9,"minecraft:iron_chestplate":1,"minecraft:wheat":69,"minecraft:redstone_block":2,"minecraft:flower_pot":6,"minecraft:smithing_table":1,"minecraft:diamond_sword":17,"minecraft:wither_rose":1,"minecraft:potion":17,"minecraft:enchanted_book":23,"minecraft:string":1389,"minecraft:beetroot_soup":8,"minecraft:experience_bottle":3,"minecraft:cobbled_deepslate":2228,"minecraft:gold_nugget":450,"minecraft:smooth_stone":4,"minecraft:bucket":7,"farmersdelight:cabbage":13,"minecraft:spruce_planks":24,"minecraft:trial_key":145,"minecraft:smooth_quartz":121,"minecraft:iron_pickaxe":36,"minecraft:enchanted_golden_apple":2,"minecraft:melon_slice":6,"minecraft:coal_block":8,"farmersdelight:cabbage_seeds":30,"minecraft:furnace":2,"minecraft:dark_oak_door":2,"minecraft:tipped_arrow":74,"minecraft:stick":2,"minecraft:torch":157,"minecraft:porkchop":22,"minecraft:waxed_copper_grate":11,"minecraft:diorite":87,"minecraft:honey_bottle":24,"minecraft:rotten_flesh":189,"farmersdelight:onion":75,"supplementaries:antique_ink":1,"minecraft:iron_block":26,"farmersdelight:rope":150,"supplementaries:ash":110,"minecraft:iron_bars":2,"minecraft:snowball":131,"minecraft:cobblestone":650,"farmersdelight:rice":33,"minecraft:cooked_beef":84,"minecraft:feather":129,"minecraft:repeater":1,"minecraft:iron_door":1,"minecraft:water_bucket":3,"minecraft:andesite":20,"minecraft:brown_wool":1,"minecraft:chiseled_quartz_block":22,"minecraft:smoker":3,"minecraft:potato":209,"minecraft:flint":10,"minecraft:tuff":1,"minecraft:gray_concrete":8,"minecraft:lapis_lazuli":108,"minecraft:dirt":79,"minecraft:name_tag":11,"minecraft:leather_boots":1,"minecraft:bone":414,"minecraft:bow":1,"minecraft:wheat_seeds":56,"minecraft:raw_gold":144,"minecraft:bolt_armor_trim_smithing_template":1,"minecraft:guster_banner_pattern":5,"minecraft:oak_planks":2,"minecraft:poisonous_potato":2,"minecraft:ink_sac":7,"minecraft:dead_bush":1,"minecraft:grass_block":1,"morevanillashields:diamond_shield":2,"minecraft:light_gray_concrete":49,"minecraft:diamond":593,"minecraft:cherry_wood":11,"minecraft:granite":13,"minecraft:crossbow":30,"minecraft:breeze_rod":13,"minecraft:golden_apple":3,"minecraft:emerald":109,"minecraft:golden_horse_armor":1,"minecraft:spruce_sign":2,"minecraft:chainmail_helmet":1,"minecraft:bread":120,"minecraft:ominous_trial_key":3,"minecraft:diamond_pickaxe":20,"minecraft:end_stone_bricks":4,"minecraft:crafting_table":3,"minecraft:ominous_bottle":24,"minecraft:chicken":13,"minecraft:clay_ball":120,"minecraft:chest_minecart":8,"minecraft:leather_leggings":1,"minecraft:music_disc_creator":4,"minecraft:diamond_horse_armor":1,"minecraft:brick":8,"minecraft:shield":1,"minecraft:wind_charge":141,"minecraft:moss_carpet":12,"minecraft:iron_axe":11,"artifacts:feral_claws":1,"minecraft:item_frame":3,"minecraft:beef":28,"minecraft:player_head":1,"minecraft:light_gray_wool":2,"minecraft:guster_pottery_sherd":2,"minecraft:chest":6,"minecraft:sugar_cane":9,"minecraft:phantom_membrane":19,"minecraft:waxed_oxidized_copper":2,"minecraft:raw_iron":212,"minecraft:flow_pottery_sherd":2,"farmersdelight:tomato_seeds":6,"minecraft:mace":5,"minecraft:stone_button":4,"minecraft:cookie":16,"minecraft:carrot":132,"minecraft:redstone":334,"minecraft:arrow":962,"minecraft:decorated_pot":12,"minecraft:pumpkin_pie":79,"artifacts:snowshoes":1,"minecraft:saddle":1,"minecraft:flow_armor_trim_smithing_template":1,"minecraft:mutton":23,"minecraft:tuff_bricks":1,"minecraft:glow_berries":36,"minecraft:white_wool":8,"minecraft:skeleton_skull":2,"minecraft:glow_ink_sac":27,"minecraft:golden_carrot":6,"minecraft:leather":9,"minecraft:red_glazed_terracotta":1,"minecraft:filled_map":6,"minecraft:packed_mud":3,"minecraft:mushroom_stew":24,"minecraft:oak_log":18,"artifacts:cloud_in_a_bottle":1,"minecraft:gunpowder":15,"minecraft:blue_bed":15,"minecraft:paper":10,"minecraft:cooked_mutton":2,"chococraft:chocobo_feather":5,"chococraft:gysahl_green":172,"minecraft:apple":5,"minecraft:gray_carpet":27,"minecraft:iron_ingot":111,"minecraft:cooked_chicken":9,"minecraft:cobweb":1,"minecraft:glass_bottle":15,"minecraft:iron_sword":7,"minecraft:book":144,"minecraft:heavy_core":1,"minecraft:gravel":39,"minecraft:amethyst_shard":2,"minecraft:spruce_sapling":6,"chococraft:gysahl_green_seeds":39,"minecraft:spruce_log":31,"minecraft:polished_tuff":1,"minecraft:spider_eye":81,"travelersbackpack:standard":2,"minecraft:diamond_shovel":2,"minecraft:polished_diorite":9,"minecraft:iron_helmet":1,"minecraft:diamond_axe":11,"minecraft:painting":1,"minecraft:gray_wool":2,"minecraft:baked_potato":105,"minecraft:black_wool":2,"minecraft:coal":544,"minecraft:ender_pearl":4},"minecraft:crafted":{"minecraft:cooked_chicken":13,"minecraft:cooked_mutton":23,"minecraft:mace":1,"minecraft:diamond_helmet":1,"minecraft:diamond_leggings":1,"minecraft:iron_boots":2,"minecraft:chest":5,"travelersbackpack:iron_tier_upgrade":1,"minecraft:cooked_porkchop":23,"minecraft:spruce_planks":112,"minecraft:baked_potato":3,"travelersbackpack:standard":1,"minecraft:smithing_table":1,"minecraft:charcoal":1,"minecraft:diamond_pickaxe":1,"minecraft:shield":2,"minecraft:stick":20,"minecraft:iron_ingot":117,"minecraft:iron_pickaxe":4,"minecraft:iron_block":3,"minecraft:cherry_planks":44,"minecraft:wooden_sword":1,"minecraft:coal":72,"minecraft:tripwire_hook":2,"minecraft:furnace":2,"travelersbackpack:blank_upgrade":4,"travelersbackpack:white_sleeping_bag":1,"minecraft:diamond_boots":1,"minecraft:cooked_beef":28,"minecraft:spruce_sign":3,"minecraft:iron_sword":1,"minecraft:bucket":1,"minecraft:bread":8,"minecraft:air":0,"minecraft:iron_leggings":2,"minecraft:anvil":1,"minecraft:torch":4,"morevanillashields:diamond_shield":1,"minecraft:diamond_chestplate":1},"minecraft:used":{"minecraft:chest":8,"minecraft:shield":71,"minecraft:iron_sword":218,"minecraft:carrot":62,"minecraft:waxed_copper_grate":1,"minecraft:tuff":1,"minecraft:honey_bottle":8,"minecraft:waxed_oxidized_copper":1,"minecraft:furnace":2,"minecraft:potato":36,"minecraft:diorite":40,"minecraft:blue_bed":7,"minecraft:diamond_axe":112,"minecraft:crossbow":74,"minecraft:mace":1,"minecraft:bread":37,"minecraft:gravel":9,"minecraft:diamond_sword":719,"minecraft:wooden_sword":61,"minecraft:smithing_table":2,"chococraft:gysahl_green":77,"minecraft:spruce_planks":18,"minecraft:cooked_chicken":4,"minecraft:trial_key":9,"minecraft:torch":36,"minecraft:dirt":31,"minecraft:anvil":1,"minecraft:polished_diorite":5,"minecraft:iron_axe":67,"morevanillashields:diamond_shield":8,"minecraft:cooked_beef":16,"minecraft:cobbled_deepslate":254,"minecraft:enchanted_golden_apple":1,"minecraft:cooked_mutton":2,"minecraft:water_bucket":4,"minecraft:baked_potato":47,"minecraft:spruce_sign":4,"minecraft:crafting_table":2,"minecraft:dark_oak_door":2,"minecraft:diamond_pickaxe":648,"minecraft:apple":2,"minecraft:ominous_trial_key":3,"minecraft:wind_charge":3,"minecraft:iron_pickaxe":1427,"minecraft:cobblestone":117,"minecraft:potion":1,"minecraft:bucket":4,"minecraft:pumpkin_pie":7},"minecraft:killed":{"minecraft:cave_spider":35,"minecraft:spider":20,"creepycreepers:corrupted_creeper":1,"minecraft:skeleton":42,"minecraft:chicken":14,"minecraft:silverfish":8,"artifacts:mimic":2,"minecraft:wolf":1,"minecraft:magma_cube":1,"minecraft:pig":10,"minecraft:creeper":6,"minecraft:sheep":15,"minecraft:pillager":1,"minecraft:zombie":57,"creepycreepers:snowy_creeper":1,"minecraft:stray":20,"minecraft:cow":11,"minecraft:squid":4,"minecraft:breeze":4,"minecraft:player":1,"minecraft:enderman":2},"minecraft:killed_by":{"minecraft:vindicator":2,"minecraft:cave_spider":1,"minecraft:zombie":6,"minecraft:player":2,"minecraft:stray":1,"minecraft:enderman":1,"creepycreepers:tuff_creeper":1,"minecraft:skeleton":7},"minecraft:mined":{"minecraft:sculk_vein":2,"minecraft:granite":20,"minecraft:grass_block":5,"minecraft:coal_block":8,"minecraft:polished_diorite":9,"minecraft:mud_bricks":3,"minecraft:spawner":5,"minecraft:smooth_stone":4,"minecraft:iron_ore":55,"minecraft:cobbled_deepslate":13,"minecraft:deepslate_lapis_ore":3,"minecraft:pointed_dripstone":7,"chococraft:gysahl_green":43,"minecraft:light_gray_concrete":48,"minecraft:end_stone_bricks":4,"minecraft:deepslate_redstone_ore":18,"minecraft:soul_lantern":1,"minecraft:chiseled_quartz_block":23,"minecraft:clay":15,"minecraft:torch":5,"minecraft:melon":1,"minecraft:chest":6,"farmersdelight:cabbages":13,"minecraft:cobblestone":9,"minecraft:sugar_cane":3,"minecraft:oak_planks":1,"minecraft:wall_torch":19,"minecraft:spruce_sign":2,"minecraft:dark_oak_door":1,"minecraft:light_gray_stained_glass":1,"minecraft:wheat":47,"minecraft:oak_log":2,"minecraft:dirt":51,"minecraft:smooth_quartz":128,"minecraft:deepslate":1051,"minecraft:tuff":33,"farmersdelight:onions":20,"minecraft:deepslate_diamond_ore":77,"minecraft:glow_lichen":1,"minecraft:decorated_pot":1,"minecraft:cherry_wood":11,"minecraft:spruce_leaves":20,"minecraft:infested_chiseled_stone_bricks":4,"minecraft:large_fern":1,"minecraft:redstone_ore":2,"minecraft:furnace":2,"minecraft:carrots":15,"minecraft:andesite":20,"minecraft:potatoes":56,"minecraft:deepslate_iron_ore":41,"minecraft:stone":287,"minecraft:cake":1,"minecraft:smithing_table":1,"minecraft:redstone_block":2,"minecraft:gray_concrete":8,"minecraft:crafting_table":2,"minecraft:emerald_ore":1,"minecraft:copper_ore":1,"minecraft:lapis_ore":1,"minecraft:deepslate_gold_ore":22,"minecraft:diorite":63,"minecraft:blue_bed":7,"supplementaries:urn":11,"minecraft:spruce_log":31,"minecraft:coal_ore":57,"minecraft:gravel":20,"minecraft:dripstone_block":32,"minecraft:gray_carpet":26,"minecraft:cobweb":119},"minecraft:broken":{"minecraft:iron_boots":1,"minecraft:shield":2,"minecraft:iron_pickaxe":5,"minecraft:iron_helmet":1},"minecraft:dropped":{"minecraft:guster_pottery_sherd":1,"minecraft:iron_sword":2,"chococraft:loverly_gysahl_green":9,"minecraft:lapis_lazuli":63,"minecraft:glass_bottle":1,"minecraft:decorated_pot":6,"minecraft:crossbow":1,"minecraft:chest_minecart":1,"travelersbackpack:standard":1,"farmersdelight:rice":6,"minecraft:flint":6,"minecraft:dirt":9,"minecraft:mace":2,"minecraft:snowball":51,"farmersdelight:onion":3,"minecraft:wooden_sword":1,"minecraft:amethyst_shard":1,"minecraft:iron_pickaxe":2,"minecraft:gravel":2,"minecraft:red_glazed_terracotta":1,"minecraft:cobbled_deepslate":28,"minecraft:wheat":6,"minecraft:rotten_flesh":8,"minecraft:wind_charge":21,"supplementaries:ash":11,"minecraft:beetroot_seeds":2,"minecraft:arrow":1,"minecraft:iron_ingot":26,"minecraft:poisonous_potato":2,"minecraft:cobblestone":228,"minecraft:waxed_copper_grate":4,"minecraft:polished_tuff":1,"minecraft:chainmail_helmet":2,"minecraft:grass_block":1,"minecraft:coal":12,"minecraft:flow_armor_trim_smithing_template":1,"minecraft:stick":2,"minecraft:diorite":8,"minecraft:dead_bush":1,"minecraft:paper":8,"minecraft:gray_carpet":1,"minecraft:beetroot_soup":2,"minecraft:redstone":64,"minecraft:furnace":1,"minecraft:tuff_bricks":1,"minecraft:flow_pottery_sherd":1,"chococraft:chocobo_feather":2,"minecraft:bowl":1,"minecraft:smoker":3,"minecraft:shield":1,"minecraft:flower_pot":3,"minecraft:trial_key":11,"minecraft:spruce_planks":42,"minecraft:iron_chestplate":1,"minecraft:diamond_pickaxe":1,"minecraft:andesite":3,"minecraft:spider_eye":4,"minecraft:bow":1,"chococraft:gysahl_green":5,"minecraft:brick":4},"minecraft:custom":{"minecraft:interact_with_crafting_table":68,"minecraft:open_barrel":60,"minecraft:leave_game":11,"minecraft:time_since_death":19034,"minecraft:damage_resisted":86,"minecraft:sprint_one_cm":1905780,"minecraft:damage_blocked_by_shield":7288,"minecraft:drop":96,"minecraft:talked_to_villager":2,"minecraft:play_time":575685,"minecraft:deaths":22,"minecraft:jump":6629,"minecraft:walk_on_water_one_cm":79413,"minecraft:interact_with_furnace":78,"minecraft:interact_with_cartography_table":4,"minecraft:sleep_in_bed":10,"minecraft:waystone_activated":7,"minecraft:damage_dealt":42419,"minecraft:player_kills":1,"minecraft:crouch_one_cm":50262,"minecraft:interact_with_smoker":6,"minecraft:inspect_dispenser":6,"minecraft:interact_with_smithing_table":13,"minecraft:mob_kills":268,"minecraft:interact_with_anvil":7,"minecraft:damage_dealt_resisted":58,"minecraft:climb_one_cm":8980,"minecraft:walk_one_cm":2308080,"minecraft:raid_win":1,"minecraft:sneak_time":16888,"minecraft:walk_under_water_one_cm":37394,"minecraft:total_world_time":575685,"minecraft:pot_flower":1,"minecraft:interact_with_stonecutter":2,"minecraft:time_since_rest":7348,"minecraft:damage_taken":15303,"minecraft:damage_absorbed":160,"minecraft:trigger_trapped_chest":1,"minecraft:swim_one_cm":11410,"minecraft:fly_one_cm":1012821,"minecraft:open_chest":332,"minecraft:fall_one_cm":132138}},"DataVersion":3953}