{"stats":{"minecraft:picked_up":{"minecraft:iron_chestplate":1,"chococraft:loverly_gysahl_green":9,"minecraft:crafting_table":3,"minecraft:wheat":69,"minecraft:ominous_bottle":24,"minecraft:chicken":13,"minecraft:clay_ball":120,"minecraft:flower_pot":6,"minecraft:leather_leggings":1,"minecraft:smithing_table":1,"minecraft:diamond_sword":7,"minecraft:enchanted_book":15,"minecraft:potion":15,"minecraft:music_disc_creator":4,"minecraft:diamond_horse_armor":1,"minecraft:shield":1,"minecraft:brick":8,"minecraft:wind_charge":141,"minecraft:string":249,"minecraft:moss_carpet":12,"minecraft:iron_axe":1,"minecraft:beetroot_soup":8,"artifacts:feral_claws":1,"minecraft:item_frame":3,"minecraft:experience_bottle":3,"minecraft:smooth_stone":4,"minecraft:cobbled_deepslate":308,"farmersdelight:cabbage":13,"minecraft:spruce_planks":24,"minecraft:beef":28,"minecraft:trial_key":145,"minecraft:player_head":1,"minecraft:iron_pickaxe":31,"minecraft:sugar_cane":9,"minecraft:light_gray_wool":2,"minecraft:enchanted_golden_apple":2,"minecraft:guster_pottery_sherd":2,"minecraft:melon_slice":6,"minecraft:chest":6,"farmersdelight:cabbage_seeds":30,"minecraft:waxed_oxidized_copper":2,"minecraft:tipped_arrow":74,"minecraft:raw_iron":180,"minecraft:stick":2,"minecraft:torch":27,"minecraft:porkchop":22,"minecraft:flow_pottery_sherd":2,"farmersdelight:tomato_seeds":6,"minecraft:mace":5,"minecraft:waxed_copper_grate":11,"minecraft:diorite":33,"minecraft:carrot":77,"minecraft:redstone":334,"minecraft:arrow":225,"minecraft:honey_bottle":24,"minecraft:rotten_flesh":19,"minecraft:decorated_pot":12,"farmersdelight:onion":75,"minecraft:iron_block":26,"farmersdelight:rope":150,"minecraft:saddle":1,"minecraft:flow_armor_trim_smithing_template":1,"minecraft:tuff_bricks":1,"minecraft:glow_berries":36,"minecraft:mutton":23,"minecraft:snowball":131,"minecraft:cobblestone":462,"minecraft:skeleton_skull":2,"minecraft:white_wool":8,"minecraft:feather":41,"minecraft:cooked_beef":84,"minecraft:golden_carrot":6,"minecraft:leather":9,"minecraft:brown_wool":1,"minecraft:red_glazed_terracotta":1,"minecraft:smoker":3,"minecraft:potato":209,"minecraft:filled_map":6,"minecraft:flint":10,"minecraft:gunpowder":8,"minecraft:dirt":25,"minecraft:lapis_lazuli":108,"minecraft:blue_bed":4,"minecraft:paper":10,"minecraft:name_tag":11,"minecraft:leather_boots":1,"minecraft:cooked_mutton":2,"chococraft:chocobo_feather":2,"minecraft:bone":120,"chococraft:gysahl_green":172,"minecraft:apple":5,"minecraft:gray_carpet":27,"minecraft:wheat_seeds":56,"minecraft:raw_gold":29,"minecraft:iron_ingot":96,"minecraft:cooked_chicken":5,"minecraft:cobweb":1,"minecraft:bolt_armor_trim_smithing_template":1,"minecraft:guster_banner_pattern":5,"minecraft:glass_bottle":15,"minecraft:oak_planks":2,"minecraft:iron_sword":7,"minecraft:book":144,"minecraft:heavy_core":1,"minecraft:poisonous_potato":2,"minecraft:gravel":37,"minecraft:amethyst_shard":2,"chococraft:gysahl_green_seeds":39,"minecraft:spruce_sapling":6,"minecraft:dead_bush":1,"minecraft:spruce_log":27,"minecraft:grass_block":1,"minecraft:spider_eye":77,"minecraft:polished_tuff":1,"travelersbackpack:standard":2,"minecraft:diamond_shovel":2,"minecraft:diamond":45,"minecraft:polished_diorite":4,"minecraft:diamond_axe":11,"minecraft:iron_helmet":1,"minecraft:cherry_wood":11,"minecraft:breeze_rod":13,"minecraft:crossbow":20,"minecraft:painting":1,"minecraft:spruce_sign":2,"minecraft:golden_apple":3,"minecraft:gray_wool":2,"minecraft:chainmail_helmet":1,"minecraft:golden_horse_armor":1,"minecraft:emerald":60,"minecraft:bread":34,"minecraft:baked_potato":26,"minecraft:end_stone_bricks":4,"minecraft:black_wool":2,"minecraft:ominous_trial_key":3,"minecraft:coal":20,"minecraft:diamond_pickaxe":2,"minecraft:ender_pearl":3},"minecraft:crafted":{"minecraft:cherry_planks":36,"minecraft:wooden_sword":1,"minecraft:tripwire_hook":2,"travelersbackpack:blank_upgrade":4,"minecraft:mace":1,"travelersbackpack:white_sleeping_bag":1,"minecraft:diamond_helmet":1,"minecraft:diamond_leggings":1,"minecraft:iron_boots":2,"minecraft:chest":5,"minecraft:diamond_boots":1,"travelersbackpack:iron_tier_upgrade":1,"minecraft:spruce_sign":3,"minecraft:spruce_planks":104,"travelersbackpack:standard":1,"minecraft:baked_potato":3,"minecraft:iron_sword":1,"minecraft:smithing_table":1,"minecraft:bread":8,"minecraft:air":0,"minecraft:diamond_pickaxe":1,"minecraft:charcoal":1,"minecraft:shield":2,"minecraft:stick":20,"minecraft:iron_ingot":90,"minecraft:iron_pickaxe":4,"minecraft:iron_leggings":2,"minecraft:torch":4,"minecraft:diamond_chestplate":1},"minecraft:used":{"minecraft:chest":8,"minecraft:spruce_planks":18,"minecraft:shield":71,"minecraft:iron_sword":218,"minecraft:cooked_chicken":4,"minecraft:trial_key":9,"minecraft:torch":3,"minecraft:dirt":4,"minecraft:carrot":25,"minecraft:waxed_copper_grate":1,"minecraft:honey_bottle":8,"minecraft:waxed_oxidized_copper":1,"minecraft:iron_axe":58,"minecraft:cooked_beef":16,"minecraft:enchanted_golden_apple":1,"minecraft:potato":36,"minecraft:cobbled_deepslate":55,"minecraft:cooked_mutton":2,"minecraft:diorite":15,"minecraft:baked_potato":15,"minecraft:blue_bed":4,"minecraft:diamond_axe":112,"minecraft:spruce_sign":4,"minecraft:crafting_table":2,"minecraft:crossbow":53,"minecraft:diamond_pickaxe":26,"minecraft:apple":2,"minecraft:mace":1,"minecraft:ominous_trial_key":3,"minecraft:iron_pickaxe":919,"minecraft:wind_charge":3,"minecraft:bread":30,"minecraft:gravel":9,"minecraft:diamond_sword":338,"minecraft:wooden_sword":61,"minecraft:cobblestone":12,"minecraft:potion":1,"minecraft:smithing_table":2,"chococraft:gysahl_green":77},"minecraft:killed":{"minecraft:cave_spider":31,"minecraft:spider":13,"creepycreepers:corrupted_creeper":1,"minecraft:skeleton":12,"minecraft:chicken":14,"minecraft:silverfish":8,"minecraft:wolf":1,"minecraft:pig":10,"minecraft:creeper":1,"minecraft:sheep":15,"minecraft:pillager":1,"minecraft:zombie":20,"creepycreepers:snowy_creeper":1,"minecraft:stray":20,"minecraft:breeze":4,"minecraft:enderman":1,"minecraft:cow":11},"minecraft:killed_by":{"minecraft:player":1,"minecraft:stray":1,"minecraft:enderman":1,"creepycreepers:tuff_creeper":1,"minecraft:vindicator":1,"minecraft:cave_spider":1,"minecraft:skeleton":5},"minecraft:mined":{"minecraft:tuff":30,"farmersdelight:onions":20,"minecraft:deepslate_diamond_ore":27,"minecraft:granite":3,"minecraft:grass_block":4,"minecraft:decorated_pot":1,"minecraft:infested_chiseled_stone_bricks":4,"minecraft:polished_diorite":4,"minecraft:cherry_wood":11,"minecraft:spruce_leaves":20,"minecraft:smooth_stone":4,"minecraft:large_fern":1,"minecraft:redstone_ore":2,"minecraft:carrots":15,"minecraft:iron_ore":39,"minecraft:cobbled_deepslate":8,"minecraft:andesite":1,"minecraft:deepslate_lapis_ore":3,"chococraft:gysahl_green":43,"minecraft:potatoes":56,"minecraft:deepslate_iron_ore":25,"minecraft:end_stone_bricks":4,"minecraft:stone":147,"minecraft:cake":1,"minecraft:smithing_table":1,"minecraft:deepslate_redstone_ore":18,"minecraft:clay":15,"minecraft:torch":1,"minecraft:crafting_table":2,"minecraft:melon":1,"minecraft:chest":6,"farmersdelight:cabbages":13,"minecraft:copper_ore":1,"minecraft:cobblestone":2,"minecraft:deepslate_gold_ore":11,"minecraft:lapis_ore":1,"minecraft:oak_planks":1,"minecraft:sugar_cane":3,"minecraft:wall_torch":2,"minecraft:diorite":18,"minecraft:blue_bed":4,"minecraft:spruce_sign":2,"minecraft:wheat":47,"minecraft:spruce_log":27,"minecraft:coal_ore":12,"minecraft:gravel":16,"minecraft:dirt":14,"minecraft:gray_carpet":26,"minecraft:cobweb":9,"minecraft:deepslate":586},"minecraft:broken":{"minecraft:iron_boots":1,"minecraft:shield":2,"minecraft:iron_pickaxe":2,"minecraft:iron_helmet":1},"minecraft:dropped":{"minecraft:guster_pottery_sherd":1,"minecraft:iron_ingot":26,"minecraft:iron_sword":2,"chococraft:loverly_gysahl_green":9,"minecraft:lapis_lazuli":63,"minecraft:glass_bottle":1,"minecraft:decorated_pot":6,"minecraft:poisonous_potato":2,"minecraft:crossbow":1,"minecraft:cobblestone":186,"minecraft:waxed_copper_grate":4,"minecraft:polished_tuff":1,"travelersbackpack:standard":1,"minecraft:coal":12,"minecraft:chainmail_helmet":2,"minecraft:grass_block":1,"minecraft:flow_armor_trim_smithing_template":1,"minecraft:stick":2,"minecraft:flint":6,"minecraft:dirt":9,"minecraft:mace":2,"minecraft:snowball":51,"minecraft:dead_bush":1,"farmersdelight:onion":3,"minecraft:wooden_sword":1,"minecraft:amethyst_shard":1,"minecraft:iron_pickaxe":2,"minecraft:paper":8,"minecraft:gray_carpet":1,"minecraft:beetroot_soup":2,"minecraft:redstone":64,"minecraft:red_glazed_terracotta":1,"minecraft:furnace":1,"minecraft:tuff_bricks":1,"minecraft:flow_pottery_sherd":1,"minecraft:cobbled_deepslate":24,"chococraft:chocobo_feather":2,"minecraft:bowl":1,"minecraft:wheat":6,"minecraft:rotten_flesh":8,"minecraft:smoker":3,"minecraft:wind_charge":21,"minecraft:shield":1,"minecraft:flower_pot":3,"minecraft:trial_key":11,"minecraft:spruce_planks":42,"minecraft:diamond_pickaxe":1,"minecraft:iron_chestplate":1,"minecraft:beetroot_seeds":2,"chococraft:gysahl_green":5,"minecraft:brick":4},"minecraft:custom":{"minecraft:interact_with_smithing_table":6,"minecraft:interact_with_anvil":1,"minecraft:mob_kills":173,"minecraft:interact_with_crafting_table":50,"minecraft:open_barrel":8,"minecraft:damage_dealt_resisted":58,"minecraft:leave_game":9,"minecraft:time_since_death":123093,"minecraft:damage_resisted":86,"minecraft:climb_one_cm":8346,"minecraft:sprint_one_cm":1311226,"minecraft:walk_one_cm":1452028,"minecraft:damage_blocked_by_shield":6390,"minecraft:drop":81,"minecraft:talked_to_villager":2,"minecraft:raid_win":1,"minecraft:play_time":390486,"minecraft:sneak_time":2428,"minecraft:deaths":12,"minecraft:walk_under_water_one_cm":13141,"minecraft:jump":4460,"minecraft:walk_on_water_one_cm":56206,"minecraft:total_world_time":390486,"minecraft:interact_with_furnace":23,"minecraft:interact_with_cartography_table":4,"minecraft:pot_flower":1,"minecraft:sleep_in_bed":5,"minecraft:time_since_rest":15857,"minecraft:waystone_activated":5,"minecraft:damage_taken":9418,"minecraft:damage_absorbed":160,"minecraft:damage_dealt":26525,"minecraft:fly_one_cm":767002,"minecraft:open_chest":209,"minecraft:crouch_one_cm":7009,"minecraft:interact_with_smoker":6,"minecraft:fall_one_cm":91113,"minecraft:inspect_dispenser":6}},"DataVersion":3953}