{"stats":{"minecraft:broken":{"minecraft:wooden_pickaxe":1},"minecraft:killed":{"minecraft:sheep":5,"minecraft:chicken":2,"minecraft:cow":6},"minecraft:used":{"minecraft:wooden_pickaxe":59,"minecraft:stone_axe":102,"minecraft:crafting_table":2,"minecraft:furnace":3,"minecraft:cooked_beef":2},"minecraft:dropped":{"minecraft:piston":1,"minecraft:cobblestone":4},"minecraft:custom":{"minecraft:time_since_rest":17054,"minecraft:interact_with_furnace":8,"minecraft:sprint_one_cm":59868,"minecraft:damage_taken":80,"minecraft:walk_one_cm":82100,"minecraft:mob_kills":13,"minecraft:drop":5,"minecraft:damage_dealt":1287,"minecraft:interact_with_crafting_table":4,"minecraft:fly_one_cm":12313,"minecraft:crouch_one_cm":157,"minecraft:play_time":17054,"minecraft:sneak_time":31,"minecraft:jump":171,"minecraft:time_since_death":17054,"minecraft:climb_one_cm":138,"minecraft:total_world_time":17054,"minecraft:fall_one_cm":1713},"minecraft:crafted":{"minecraft:crafting_table":1,"minecraft:stick":4,"minecraft:wooden_pickaxe":1,"minecraft:furnace":2,"minecraft:birch_planks":44,"minecraft:stone_axe":1,"minecraft:air":0,"minecraft:cooked_beef":2},"minecraft:picked_up":{"hexerei:animal_fat":4,"minecraft:birch_log":75,"minecraft:crafting_table":1,"minecraft:feather":1,"minecraft:chicken":2,"minecraft:leather":3,"minecraft:dirt":7,"hexerei:sage_seed":1,"minecraft:beef":13,"minecraft:gray_wool":1,"minecraft:furnace":1,"minecraft:black_wool":1,"minecraft:birch_sapling":3,"minecraft:piston":2,"minecraft:mutton":8,"minecraft:coal":18,"minecraft:white_wool":3,"minecraft:cobblestone":41,"minecraft:egg":1},"minecraft:mined":{"minecraft:furnace":1,"minecraft:birch_log":77,"minecraft:birch_leaves":10,"minecraft:crafting_table":1,"minecraft:grass":2,"minecraft:grass_block":3,"minecraft:coal_ore":19,"minecraft:dirt":4,"minecraft:stone":36}},"DataVersion":3465}