{"stats":{"minecraft:picked_up":{"chococraft:loverly_gysahl_green":9,"minecraft:iron_chestplate":1,"minecraft:wheat":69,"minecraft:redstone_block":2,"minecraft:flower_pot":6,"minecraft:smithing_table":1,"minecraft:diamond_sword":9,"minecraft:potion":15,"minecraft:enchanted_book":15,"minecraft:string":253,"minecraft:beetroot_soup":8,"minecraft:experience_bottle":3,"minecraft:gold_nugget":18,"minecraft:cobbled_deepslate":502,"minecraft:smooth_stone":4,"farmersdelight:cabbage":13,"minecraft:spruce_planks":24,"minecraft:trial_key":145,"minecraft:iron_pickaxe":35,"minecraft:smooth_quartz":121,"minecraft:enchanted_golden_apple":2,"minecraft:melon_slice":6,"minecraft:coal_block":8,"minecraft:furnace":2,"farmersdelight:cabbage_seeds":30,"minecraft:dark_oak_door":2,"minecraft:tipped_arrow":74,"minecraft:stick":2,"minecraft:torch":62,"minecraft:porkchop":22,"minecraft:waxed_copper_grate":11,"minecraft:diorite":58,"minecraft:honey_bottle":24,"minecraft:rotten_flesh":24,"farmersdelight:onion":75,"minecraft:iron_block":26,"farmersdelight:rope":150,"supplementaries:ash":7,"minecraft:snowball":131,"minecraft:cobblestone":602,"minecraft:cooked_beef":84,"minecraft:feather":41,"minecraft:repeater":1,"minecraft:iron_door":1,"minecraft:water_bucket":2,"minecraft:andesite":5,"minecraft:brown_wool":1,"minecraft:chiseled_quartz_block":22,"minecraft:smoker":3,"minecraft:potato":209,"minecraft:flint":10,"minecraft:tuff":1,"minecraft:gray_concrete":8,"minecraft:lapis_lazuli":108,"minecraft:dirt":79,"minecraft:name_tag":11,"minecraft:leather_boots":1,"minecraft:bone":151,"minecraft:bow":1,"minecraft:wheat_seeds":56,"minecraft:raw_gold":34,"minecraft:bolt_armor_trim_smithing_template":1,"minecraft:guster_banner_pattern":5,"minecraft:oak_planks":2,"minecraft:poisonous_potato":2,"minecraft:ink_sac":7,"minecraft:grass_block":1,"minecraft:dead_bush":1,"minecraft:light_gray_concrete":49,"minecraft:diamond":58,"minecraft:cherry_wood":11,"minecraft:granite":11,"minecraft:crossbow":22,"minecraft:breeze_rod":13,"minecraft:bread":34,"minecraft:golden_apple":3,"minecraft:emerald":61,"minecraft:spruce_sign":2,"minecraft:golden_horse_armor":1,"minecraft:chainmail_helmet":1,"minecraft:ominous_trial_key":3,"minecraft:diamond_pickaxe":4,"minecraft:end_stone_bricks":4,"minecraft:crafting_table":3,"minecraft:ominous_bottle":24,"minecraft:chicken":13,"minecraft:clay_ball":120,"minecraft:leather_leggings":1,"minecraft:music_disc_creator":4,"minecraft:diamond_horse_armor":1,"minecraft:brick":8,"minecraft:shield":1,"minecraft:wind_charge":141,"minecraft:moss_carpet":12,"minecraft:iron_axe":3,"artifacts:feral_claws":1,"minecraft:item_frame":3,"minecraft:beef":28,"minecraft:player_head":1,"minecraft:guster_pottery_sherd":2,"minecraft:light_gray_wool":2,"minecraft:chest":6,"minecraft:sugar_cane":9,"minecraft:waxed_oxidized_copper":2,"minecraft:raw_iron":196,"minecraft:flow_pottery_sherd":2,"farmersdelight:tomato_seeds":6,"minecraft:mace":5,"minecraft:stone_button":4,"minecraft:carrot":132,"minecraft:redstone":334,"minecraft:arrow":402,"minecraft:decorated_pot":12,"minecraft:saddle":1,"minecraft:flow_armor_trim_smithing_template":1,"minecraft:mutton":23,"minecraft:tuff_bricks":1,"minecraft:glow_berries":36,"minecraft:white_wool":8,"minecraft:skeleton_skull":2,"minecraft:golden_carrot":6,"minecraft:leather":9,"minecraft:red_glazed_terracotta":1,"minecraft:filled_map":6,"minecraft:gunpowder":11,"minecraft:blue_bed":6,"minecraft:paper":10,"minecraft:cooked_mutton":2,"chococraft:chocobo_feather":5,"chococraft:gysahl_green":172,"minecraft:apple":5,"minecraft:gray_carpet":27,"minecraft:iron_ingot":96,"minecraft:cooked_chicken":5,"minecraft:cobweb":1,"minecraft:glass_bottle":15,"minecraft:iron_sword":7,"minecraft:book":144,"minecraft:heavy_core":1,"minecraft:gravel":39,"minecraft:amethyst_shard":2,"minecraft:spruce_sapling":6,"chococraft:gysahl_green_seeds":39,"minecraft:spruce_log":31,"minecraft:polished_tuff":1,"minecraft:spider_eye":79,"travelersbackpack:standard":2,"minecraft:diamond_shovel":2,"minecraft:polished_diorite":9,"minecraft:iron_helmet":1,"minecraft:diamond_axe":11,"minecraft:painting":1,"minecraft:gray_wool":2,"minecraft:baked_potato":26,"minecraft:black_wool":2,"minecraft:coal":65,"minecraft:ender_pearl":3},"minecraft:crafted":{"minecraft:cooked_chicken":13,"minecraft:cooked_mutton":23,"minecraft:mace":1,"minecraft:diamond_helmet":1,"minecraft:diamond_leggings":1,"minecraft:iron_boots":2,"minecraft:chest":5,"travelersbackpack:iron_tier_upgrade":1,"minecraft:cooked_porkchop":23,"minecraft:spruce_planks":112,"minecraft:baked_potato":3,"travelersbackpack:standard":1,"minecraft:smithing_table":1,"minecraft:charcoal":1,"minecraft:diamond_pickaxe":1,"minecraft:shield":2,"minecraft:stick":20,"minecraft:iron_ingot":117,"minecraft:iron_pickaxe":4,"minecraft:cherry_planks":44,"minecraft:wooden_sword":1,"minecraft:coal":72,"minecraft:tripwire_hook":2,"minecraft:furnace":2,"travelersbackpack:blank_upgrade":4,"travelersbackpack:white_sleeping_bag":1,"minecraft:diamond_boots":1,"minecraft:cooked_beef":28,"minecraft:spruce_sign":3,"minecraft:iron_sword":1,"minecraft:bucket":1,"minecraft:bread":8,"minecraft:air":0,"minecraft:iron_leggings":2,"minecraft:torch":4,"morevanillashields:diamond_shield":1,"minecraft:diamond_chestplate":1},"minecraft:used":{"minecraft:chest":8,"minecraft:shield":71,"minecraft:iron_sword":218,"minecraft:carrot":52,"minecraft:waxed_copper_grate":1,"minecraft:tuff":1,"minecraft:honey_bottle":8,"minecraft:waxed_oxidized_copper":1,"minecraft:furnace":2,"minecraft:potato":36,"minecraft:diorite":40,"minecraft:blue_bed":5,"minecraft:diamond_axe":112,"minecraft:crossbow":66,"minecraft:mace":1,"minecraft:bread":30,"minecraft:gravel":9,"minecraft:diamond_sword":450,"minecraft:wooden_sword":61,"minecraft:smithing_table":2,"chococraft:gysahl_green":77,"minecraft:spruce_planks":18,"minecraft:cooked_chicken":4,"minecraft:trial_key":9,"minecraft:torch":10,"minecraft:dirt":31,"minecraft:polished_diorite":5,"minecraft:iron_axe":64,"morevanillashields:diamond_shield":3,"minecraft:cooked_beef":16,"minecraft:cobbled_deepslate":55,"minecraft:enchanted_golden_apple":1,"minecraft:cooked_mutton":2,"minecraft:water_bucket":2,"minecraft:baked_potato":15,"minecraft:spruce_sign":4,"minecraft:crafting_table":2,"minecraft:dark_oak_door":2,"minecraft:diamond_pickaxe":374,"minecraft:apple":2,"minecraft:ominous_trial_key":3,"minecraft:wind_charge":3,"minecraft:iron_pickaxe":1251,"minecraft:cobblestone":64,"minecraft:potion":1,"minecraft:bucket":2},"minecraft:killed":{"minecraft:cave_spider":31,"minecraft:spider":19,"creepycreepers:corrupted_creeper":1,"minecraft:skeleton":31,"minecraft:chicken":14,"minecraft:silverfish":8,"minecraft:magma_cube":1,"minecraft:wolf":1,"minecraft:pig":10,"minecraft:creeper":2,"minecraft:sheep":15,"minecraft:pillager":1,"minecraft:zombie":26,"creepycreepers:snowy_creeper":1,"minecraft:stray":20,"minecraft:cow":11,"minecraft:squid":4,"minecraft:breeze":4,"minecraft:enderman":1},"minecraft:killed_by":{"minecraft:vindicator":1,"minecraft:cave_spider":1,"minecraft:player":1,"minecraft:stray":1,"minecraft:enderman":1,"creepycreepers:tuff_creeper":1,"minecraft:skeleton":7},"minecraft:mined":{"minecraft:sculk_vein":2,"minecraft:granite":14,"minecraft:grass_block":5,"minecraft:coal_block":8,"minecraft:polished_diorite":9,"minecraft:spawner":1,"minecraft:smooth_stone":4,"minecraft:iron_ore":55,"minecraft:cobbled_deepslate":8,"minecraft:deepslate_lapis_ore":3,"chococraft:gysahl_green":43,"minecraft:light_gray_concrete":48,"minecraft:end_stone_bricks":4,"minecraft:deepslate_redstone_ore":18,"minecraft:chiseled_quartz_block":23,"minecraft:clay":15,"minecraft:torch":1,"minecraft:melon":1,"minecraft:chest":6,"farmersdelight:cabbages":13,"minecraft:cobblestone":8,"minecraft:sugar_cane":3,"minecraft:oak_planks":1,"minecraft:wall_torch":2,"minecraft:spruce_sign":2,"minecraft:dark_oak_door":1,"minecraft:light_gray_stained_glass":1,"minecraft:wheat":47,"minecraft:smooth_quartz":128,"minecraft:dirt":48,"minecraft:deepslate":768,"minecraft:tuff":31,"farmersdelight:onions":20,"minecraft:deepslate_diamond_ore":40,"minecraft:decorated_pot":1,"minecraft:cherry_wood":11,"minecraft:spruce_leaves":20,"minecraft:infested_chiseled_stone_bricks":4,"minecraft:large_fern":1,"minecraft:redstone_ore":2,"minecraft:furnace":2,"minecraft:carrots":15,"minecraft:andesite":6,"minecraft:potatoes":56,"minecraft:deepslate_iron_ore":25,"minecraft:stone":281,"minecraft:cake":1,"minecraft:smithing_table":1,"minecraft:redstone_block":2,"minecraft:gray_concrete":8,"minecraft:crafting_table":2,"minecraft:emerald_ore":1,"minecraft:copper_ore":1,"minecraft:lapis_ore":1,"minecraft:deepslate_gold_ore":16,"minecraft:diorite":43,"minecraft:blue_bed":6,"supplementaries:urn":5,"minecraft:spruce_log":31,"minecraft:coal_ore":57,"minecraft:gravel":18,"minecraft:gray_carpet":26,"minecraft:cobweb":9},"minecraft:broken":{"minecraft:iron_boots":1,"minecraft:shield":2,"minecraft:iron_pickaxe":4,"minecraft:iron_helmet":1},"minecraft:dropped":{"minecraft:guster_pottery_sherd":1,"minecraft:iron_sword":2,"chococraft:loverly_gysahl_green":9,"minecraft:lapis_lazuli":63,"minecraft:glass_bottle":1,"minecraft:decorated_pot":6,"minecraft:crossbow":1,"travelersbackpack:standard":1,"minecraft:flint":6,"minecraft:dirt":9,"minecraft:mace":2,"minecraft:snowball":51,"farmersdelight:onion":3,"minecraft:wooden_sword":1,"minecraft:amethyst_shard":1,"minecraft:iron_pickaxe":2,"minecraft:red_glazed_terracotta":1,"minecraft:cobbled_deepslate":24,"minecraft:wheat":6,"minecraft:rotten_flesh":8,"minecraft:wind_charge":21,"minecraft:beetroot_seeds":2,"minecraft:iron_ingot":26,"minecraft:poisonous_potato":2,"minecraft:cobblestone":186,"minecraft:waxed_copper_grate":4,"minecraft:polished_tuff":1,"minecraft:chainmail_helmet":2,"minecraft:grass_block":1,"minecraft:coal":12,"minecraft:flow_armor_trim_smithing_template":1,"minecraft:stick":2,"minecraft:dead_bush":1,"minecraft:paper":8,"minecraft:gray_carpet":1,"minecraft:beetroot_soup":2,"minecraft:redstone":64,"minecraft:furnace":1,"minecraft:tuff_bricks":1,"minecraft:flow_pottery_sherd":1,"chococraft:chocobo_feather":2,"minecraft:bowl":1,"minecraft:smoker":3,"minecraft:shield":1,"minecraft:flower_pot":3,"minecraft:trial_key":11,"minecraft:spruce_planks":42,"minecraft:iron_chestplate":1,"minecraft:diamond_pickaxe":1,"chococraft:gysahl_green":5,"minecraft:brick":4},"minecraft:custom":{"minecraft:interact_with_crafting_table":64,"minecraft:open_barrel":8,"minecraft:leave_game":10,"minecraft:time_since_death":50294,"minecraft:damage_resisted":86,"minecraft:sprint_one_cm":1530754,"minecraft:damage_blocked_by_shield":6583,"minecraft:drop":81,"minecraft:talked_to_villager":2,"minecraft:play_time":466083,"minecraft:deaths":14,"minecraft:jump":5300,"minecraft:walk_on_water_one_cm":66213,"minecraft:interact_with_furnace":74,"minecraft:interact_with_cartography_table":4,"minecraft:sleep_in_bed":8,"minecraft:waystone_activated":6,"minecraft:damage_dealt":32690,"minecraft:crouch_one_cm":36014,"minecraft:interact_with_smoker":6,"minecraft:inspect_dispenser":6,"minecraft:interact_with_smithing_table":12,"minecraft:mob_kills":211,"minecraft:interact_with_anvil":1,"minecraft:damage_dealt_resisted":58,"minecraft:climb_one_cm":8980,"minecraft:walk_one_cm":1732841,"minecraft:raid_win":1,"minecraft:sneak_time":11845,"minecraft:walk_under_water_one_cm":33519,"minecraft:total_world_time":466083,"minecraft:pot_flower":1,"minecraft:interact_with_stonecutter":2,"minecraft:time_since_rest":11089,"minecraft:damage_taken":10470,"minecraft:damage_absorbed":160,"minecraft:swim_one_cm":11209,"minecraft:fly_one_cm":878832,"minecraft:open_chest":271,"minecraft:fall_one_cm":100834}},"DataVersion":3953}