{"stats":{"minecraft:broken":{"minecraft:wooden_pickaxe":1},"minecraft:killed":{"minecraft:sheep":5,"minecraft:chicken":2,"minecraft:cow":6},"minecraft:used":{"minecraft:stone_sword":1,"minecraft:stone_pickaxe":82,"minecraft:wooden_pickaxe":59,"minecraft:stone_axe":109,"minecraft:dirt":13,"minecraft:cobblestone":18,"minecraft:crafting_table":3,"minecraft:furnace":3,"minecraft:cobbled_deepslate":1,"minecraft:cooked_beef":2},"minecraft:dropped":{"minecraft:gray_wool":1,"minecraft:piston":1,"minecraft:cobblestone":4,"minecraft:black_wool":1,"minecraft:white_wool":3},"minecraft:custom":{"minecraft:time_since_rest":29054,"minecraft:interact_with_furnace":23,"minecraft:sprint_one_cm":63827,"minecraft:damage_taken":193,"minecraft:walk_one_cm":112871,"minecraft:mob_kills":14,"minecraft:drop":8,"minecraft:damage_dealt":1471,"minecraft:interact_with_crafting_table":7,"minecraft:fly_one_cm":13702,"minecraft:crouch_one_cm":2188,"minecraft:play_time":29054,"minecraft:sneak_time":693,"minecraft:walk_under_water_one_cm":1417,"minecraft:jump":258,"minecraft:walk_on_water_one_cm":1888,"minecraft:time_since_death":29054,"minecraft:climb_one_cm":138,"minecraft:total_world_time":29054,"minecraft:fall_one_cm":4487},"minecraft:crafted":{"minecraft:crafting_table":1,"minecraft:stick":12,"minecraft:wooden_pickaxe":1,"minecraft:stone_pickaxe":1,"minecraft:stone_sword":1,"minecraft:furnace":2,"minecraft:birch_planks":44,"minecraft:stone_axe":2,"minecraft:cooked_mutton":8,"minecraft:air":0,"minecraft:cooked_beef":13},"minecraft:picked_up":{"hexerei:animal_fat":4,"minecraft:birch_log":75,"minecraft:raw_iron":3,"minecraft:crafting_table":2,"minecraft:leather_chestplate":1,"minecraft:feather":1,"minecraft:chicken":2,"minecraft:leather":3,"minecraft:string":1,"minecraft:lapis_lazuli":11,"minecraft:dirt":13,"hexerei:sage_seed":1,"minecraft:wheat_seeds":1,"minecraft:cobbled_deepslate":6,"minecraft:beef":13,"minecraft:gray_wool":1,"minecraft:furnace":3,"minecraft:black_wool":1,"minecraft:birch_sapling":3,"minecraft:piston":2,"minecraft:mutton":8,"minecraft:coal":45,"minecraft:white_wool":3,"minecraft:cobblestone":83,"minecraft:egg":1},"minecraft:mined":{"minecraft:furnace":3,"minecraft:iron_ore":3,"minecraft:birch_log":77,"minecraft:birch_leaves":10,"minecraft:deepslate_lapis_ore":1,"minecraft:crafting_table":2,"minecraft:grass":2,"minecraft:grass_block":6,"minecraft:coal_ore":38,"minecraft:dirt":7,"minecraft:cobweb":1,"minecraft:deepslate":9,"minecraft:lapis_ore":1,"minecraft:stone":83}},"DataVersion":3465}