{"stats":{"minecraft:broken":{"minecraft:wooden_pickaxe":1},"minecraft:killed":{"minecraft:cave_spider":1,"minecraft:sheep":5,"minecraft:skeleton":1,"minecraft:zombie":2,"minecraft:chicken":2,"artifacts:mimic":1,"minecraft:cow":6},"minecraft:used":{"minecraft:cooked_mutton":8,"minecraft:amethyst_block":2,"minecraft:stone_sword":27,"minecraft:stone_pickaxe":165,"minecraft:shield":6,"minecraft:wooden_pickaxe":74,"minecraft:wooden_shovel":6,"minecraft:cookie":6,"minecraft:torch":14,"minecraft:dirt":15,"minecraft:crafting_table":4,"minecraft:granite":2,"minecraft:bread":1,"minecraft:iron_pickaxe":88,"minecraft:rabbit_stew":1,"minecraft:stone_axe":116,"minecraft:cobblestone":28,"travelersbackpack:standard":14,"minecraft:cooked_porkchop":3,"minecraft:furnace":5,"minecraft:cooked_beef":4,"minecraft:cobbled_deepslate":1},"minecraft:dropped":{"minecraft:piston":1,"minecraft:cooked_beef":5,"farmersdelight:skillet":1,"minecraft:cobblestone":4,"minecraft:leather":3,"minecraft:gray_wool":1,"minecraft:rabbit_stew":3,"minecraft:string":7,"minecraft:white_wool":3,"minecraft:black_wool":1},"minecraft:custom":{"minecraft:interact_with_smithing_table":1,"minecraft:interact_with_furnace":32,"minecraft:mob_kills":19,"minecraft:interact_with_crafting_table":13,"minecraft:open_barrel":4,"goblintraders:trade_with_goblin":16,"minecraft:leave_game":1,"minecraft:time_since_death":25090,"minecraft:sleep_in_bed":1,"minecraft:climb_one_cm":888,"minecraft:time_since_rest":25135,"minecraft:sprint_one_cm":146182,"minecraft:damage_taken":1560,"minecraft:walk_one_cm":319181,"minecraft:damage_blocked_by_shield":285,"minecraft:drop":16,"minecraft:damage_dealt":2389,"minecraft:fly_one_cm":36182,"minecraft:crouch_one_cm":3397,"minecraft:play_time":86628,"minecraft:deaths":1,"minecraft:sneak_time":1774,"minecraft:walk_under_water_one_cm":20576,"minecraft:jump":814,"minecraft:interact_with_blast_furnace":2,"minecraft:interact_with_smoker":1,"minecraft:walk_on_water_one_cm":22353,"minecraft:total_world_time":86628,"minecraft:fall_one_cm":8152},"minecraft:crafted":{"minecraft:cooked_beef":13,"minecraft:wooden_shovel":1,"minecraft:crafting_table":2,"minecraft:wooden_pickaxe":2,"minecraft:furnace":2,"minecraft:birch_planks":68,"minecraft:stone_axe":2,"minecraft:cooked_mutton":8,"minecraft:air":0,"minecraft:stick":24,"minecraft:iron_ingot":31,"minecraft:iron_pickaxe":1,"minecraft:stone_pickaxe":3,"minecraft:stone_sword":1,"minecraft:gold_ingot":6,"minecraft:torch":12},"minecraft:picked_up":{"minecraft:birch_log":81,"minecraft:crafting_table":3,"minecraft:leather_chestplate":1,"minecraft:feather":1,"minecraft:chicken":2,"minecraft:leather":3,"minecraft:shield":1,"minecraft:gunpowder":1,"minecraft:amethyst_block":70,"farmersdelight:skillet":1,"minecraft:lapis_lazuli":11,"minecraft:dirt":25,"minecraft:string":20,"minecraft:wheat_seeds":1,"minecraft:cobbled_deepslate":34,"minecraft:raw_gold":13,"minecraft:beef":13,"artifacts:kitty_slippers":1,"minecraft:oak_planks":3,"minecraft:birch_sapling":3,"minecraft:piston":2,"minecraft:egg":2,"minecraft:furnace":5,"hexerei:animal_fat":4,"minecraft:stick":2,"minecraft:raw_iron":31,"minecraft:cooked_porkchop":3,"minecraft:oak_fence":1,"minecraft:torch":2,"minecraft:bowl":2,"minecraft:diorite":14,"minecraft:redstone":69,"minecraft:dark_oak_log":6,"minecraft:barrel":1,"hexerei:sage_seed":1,"travelersbackpack:standard":2,"minecraft:arrow":1,"minecraft:rotten_flesh":3,"minecraft:iron_helmet":1,"artifacts:snowshoes":1,"minecraft:granite":3,"supplementaries:ash":16,"minecraft:gray_wool":1,"minecraft:emerald":4,"minecraft:coal":45,"minecraft:black_wool":1,"minecraft:mutton":8,"minecraft:rail":1,"minecraft:white_wool":4,"minecraft:cobblestone":136},"minecraft:mined":{"minecraft:deepslate_redstone_ore":16,"minecraft:crafting_table":3,"minecraft:granite":3,"minecraft:budding_amethyst":3,"minecraft:grass_block":10,"minecraft:lapis_ore":1,"minecraft:deepslate_gold_ore":13,"minecraft:diorite":14,"minecraft:wall_torch":2,"minecraft:amethyst_block":52,"supplementaries:urn":2,"minecraft:furnace":5,"minecraft:birch_log":83,"minecraft:iron_ore":3,"minecraft:barrel":1,"minecraft:birch_leaves":11,"minecraft:deepslate_lapis_ore":1,"minecraft:grass":4,"minecraft:coal_ore":38,"minecraft:deepslate_iron_ore":29,"minecraft:dirt":15,"minecraft:cobweb":11,"minecraft:stone":108,"minecraft:deepslate":26}},"DataVersion":3465}