{"stats":{"minecraft:killed":{"minecraft:sheep":5,"minecraft:pig":3,"minecraft:chicken":1},"minecraft:used":{"minecraft:cooked_mutton":5,"minecraft:wooden_axe":13,"minecraft:stone_pickaxe":7,"minecraft:wooden_pickaxe":31,"minecraft:iron_sword":6,"minecraft:torch":3,"minecraft:stone_axe":8,"minecraft:dirt":1,"minecraft:crafting_table":2,"minecraft:furnace":1,"minecraft:cooked_porkchop":2,"minecraft:white_bed":1},"minecraft:dropped":{"minecraft:cooked_mutton":3},"minecraft:custom":{"minecraft:time_since_rest":5598,"minecraft:interact_with_furnace":7,"minecraft:sprint_one_cm":30300,"minecraft:damage_taken":584,"minecraft:walk_one_cm":59045,"minecraft:mob_kills":9,"minecraft:drop":3,"minecraft:damage_dealt":1505,"minecraft:swim_one_cm":3277,"minecraft:interact_with_crafting_table":7,"minecraft:fly_one_cm":58282,"minecraft:open_barrel":2,"minecraft:open_chest":6,"minecraft:crouch_one_cm":240,"minecraft:play_time":16039,"minecraft:sneak_time":179,"minecraft:walk_under_water_one_cm":1825,"minecraft:jump":315,"minecraft:walk_on_water_one_cm":1973,"minecraft:time_since_death":16039,"minecraft:sleep_in_bed":1,"minecraft:total_world_time":16039,"minecraft:fall_one_cm":6938},"minecraft:crafted":{"minecraft:oak_planks":44,"minecraft:cooked_porkchop":6,"minecraft:crafting_table":1,"minecraft:stick":16,"minecraft:cooked_chicken":1,"minecraft:wooden_pickaxe":1,"minecraft:stone_pickaxe":1,"minecraft:wooden_axe":1,"minecraft:furnace":2,"minecraft:white_bed":1,"minecraft:torch":32,"minecraft:stone_axe":1,"minecraft:air":0,"minecraft:cooked_mutton":8},"minecraft:picked_up":{"hexerei:animal_fat":2,"minecraft:leather_chestplate":1,"minecraft:crafting_table":2,"minecraft:feather":1,"minecraft:chicken":1,"minecraft:golden_leggings":1,"minecraft:porkchop":6,"minecraft:oak_log":11,"minecraft:carrot":8,"minecraft:white_bed":1,"minecraft:dark_oak_planks":1,"minecraft:dirt":10,"minecraft:iron_helmet":1,"minecraft:iron_sword":1,"minecraft:piston":1,"minecraft:black_wool":1,"minecraft:mutton":9,"minecraft:coal":11,"minecraft:white_wool":5,"minecraft:cobblestone":26,"minecraft:furnace":1},"minecraft:mined":{"minecraft:white_bed":1,"minecraft:furnace":1,"minecraft:crafting_table":2,"minecraft:grass":4,"minecraft:coal_ore":11,"minecraft:grass_block":4,"minecraft:oak_log":11,"minecraft:dirt":6,"minecraft:stone":26}},"DataVersion":3465}