{"stats":{"minecraft:killed":{"minecraft:pig":4,"minecraft:sheep":10,"minecraft:skeleton":3,"minecraft:zombie":3,"minecraft:chicken":1,"minecraft:cow":3},"minecraft:used":{"minecraft:cooked_mutton":9,"minecraft:stone_pickaxe":102,"minecraft:chest":2,"minecraft:wooden_pickaxe":49,"minecraft:iron_sword":13,"minecraft:torch":47,"minecraft:dirt":16,"minecraft:crafting_table":7,"minecraft:mushroom_stew":3,"minecraft:white_bed":2,"minecraft:dark_oak_planks":49,"minecraft:wooden_axe":23,"minecraft:black_wool":1,"minecraft:stone_axe":83,"minecraft:cobblestone":5,"minecraft:furnace":6,"minecraft:cooked_porkchop":6,"minecraft:cooked_beef":1,"minecraft:experience_bottle":2},"minecraft:dropped":{"minecraft:piston":1,"minecraft:mossy_cobblestone":1,"minecraft:granite":1,"minecraft:cooked_mutton":3,"minecraft:wooden_axe":2,"minecraft:wooden_pickaxe":1,"minecraft:tripwire_hook":1},"minecraft:custom":{"minecraft:interact_with_furnace":24,"minecraft:mob_kills":24,"minecraft:interact_with_crafting_table":17,"minecraft:open_barrel":12,"minecraft:time_since_death":13070,"minecraft:sleep_in_bed":2,"minecraft:climb_one_cm":764,"minecraft:time_since_rest":7502,"minecraft:sprint_one_cm":206778,"minecraft:damage_taken":1603,"minecraft:walk_one_cm":179602,"minecraft:drop":10,"minecraft:damage_dealt":3481,"minecraft:swim_one_cm":21009,"minecraft:fly_one_cm":279704,"minecraft:open_chest":10,"minecraft:crouch_one_cm":7227,"minecraft:play_time":64039,"minecraft:deaths":2,"minecraft:sneak_time":3001,"minecraft:walk_under_water_one_cm":5546,"minecraft:jump":1447,"minecraft:interact_with_blast_furnace":2,"minecraft:walk_on_water_one_cm":12060,"minecraft:total_world_time":64039,"minecraft:fall_one_cm":22946},"minecraft:crafted":{"minecraft:cooked_beef":7,"minecraft:oak_planks":44,"minecraft:cooked_porkchop":8,"minecraft:crafting_table":2,"minecraft:wooden_pickaxe":2,"minecraft:cooked_chicken":1,"minecraft:furnace":4,"minecraft:birch_planks":28,"minecraft:stone_axe":2,"minecraft:cooked_mutton":16,"minecraft:air":0,"minecraft:stick":40,"minecraft:stone_pickaxe":2,"minecraft:wooden_axe":3,"minecraft:chest":2,"minecraft:white_bed":2,"minecraft:dark_oak_planks":120,"minecraft:torch":96},"minecraft:picked_up":{"minecraft:birch_log":7,"minecraft:crafting_table":7,"minecraft:leather_chestplate":2,"minecraft:cooked_beef":6,"minecraft:feather":1,"minecraft:chicken":1,"minecraft:tripwire_hook":1,"minecraft:glow_ink_sac":7,"minecraft:leather":4,"minecraft:golden_leggings":1,"minecraft:birch_planks":2,"minecraft:potion":2,"minecraft:mushroom_stew":8,"minecraft:oak_log":15,"minecraft:brewing_stand":1,"minecraft:dirt":18,"minecraft:iron_leggings":1,"minecraft:cooked_mutton":4,"minecraft:bone":3,"minecraft:cyan_carpet":1,"minecraft:apple":9,"minecraft:stone_pickaxe":1,"minecraft:beef":7,"minecraft:calcite":1,"minecraft:iron_sword":1,"minecraft:piston":1,"minecraft:furnace":8,"minecraft:book":33,"hexerei:animal_fat":6,"minecraft:stick":2,"minecraft:raw_iron":7,"minecraft:cooked_porkchop":4,"minecraft:torch":46,"minecraft:porkchop":8,"minecraft:cake":1,"minecraft:blast_furnace":4,"minecraft:red_banner":2,"minecraft:white_bed":1,"minecraft:carrot":31,"minecraft:dark_oak_log":60,"minecraft:mossy_cobblestone":1,"minecraft:dark_oak_planks":7,"minecraft:yellow_banner":2,"minecraft:arrow":5,"minecraft:stone_axe":1,"minecraft:hay_block":30,"minecraft:iron_helmet":1,"minecraft:granite":3,"minecraft:golden_apple":1,"minecraft:glistering_melon_slice":5,"minecraft:gold_ingot":7,"minecraft:bread":12,"minecraft:black_wool":2,"minecraft:mutton":17,"minecraft:coal":110,"minecraft:white_wool":13,"minecraft:cobblestone":55},"minecraft:mined":{"minecraft:dark_oak_planks":9,"minecraft:yellow_wall_banner":1,"minecraft:white_bed":1,"minecraft:mossy_cobblestone":1,"minecraft:red_nether_bricks":1,"minecraft:dark_oak_log":30,"minecraft:brewing_stand":1,"minecraft:crafting_table":6,"minecraft:granite":1,"minecraft:blast_furnace":2,"minecraft:grass_block":7,"minecraft:calcite":5,"minecraft:soul_campfire":1,"minecraft:hay_block":15,"minecraft:furnace":5,"minecraft:birch_log":7,"minecraft:purple_concrete":1,"minecraft:red_wall_banner":1,"minecraft:grass":4,"minecraft:bookshelf":11,"minecraft:oak_log":15,"minecraft:coal_ore":69,"minecraft:deepslate_iron_ore":7,"minecraft:cyan_carpet":1,"minecraft:dirt":10,"minecraft:stripped_mangrove_wood":1,"minecraft:stone":57}},"DataVersion":3465}