{"stats":{"minecraft:killed":{"minecraft:pig":4,"minecraft:sheep":10,"minecraft:skeleton":2,"minecraft:zombie":3,"minecraft:chicken":1,"minecraft:cow":3},"minecraft:used":{"minecraft:cooked_mutton":9,"minecraft:stone_pickaxe":97,"minecraft:wooden_pickaxe":49,"minecraft:iron_sword":13,"minecraft:torch":47,"minecraft:dirt":16,"minecraft:crafting_table":6,"minecraft:white_bed":1,"minecraft:wooden_axe":23,"minecraft:black_wool":1,"minecraft:stone_axe":58,"minecraft:cobblestone":5,"minecraft:furnace":4,"minecraft:cooked_porkchop":6,"minecraft:cooked_beef":1,"minecraft:experience_bottle":2},"minecraft:dropped":{"minecraft:piston":1,"minecraft:mossy_cobblestone":1,"minecraft:granite":1,"minecraft:cooked_mutton":3,"minecraft:wooden_axe":2,"minecraft:wooden_pickaxe":1,"minecraft:tripwire_hook":1},"minecraft:custom":{"minecraft:interact_with_furnace":24,"minecraft:mob_kills":23,"minecraft:interact_with_crafting_table":15,"minecraft:open_barrel":10,"minecraft:time_since_death":1070,"minecraft:sleep_in_bed":1,"minecraft:time_since_rest":1098,"minecraft:sprint_one_cm":181417,"minecraft:damage_taken":1490,"minecraft:walk_one_cm":130255,"minecraft:drop":10,"minecraft:damage_dealt":3282,"minecraft:swim_one_cm":10346,"minecraft:fly_one_cm":239899,"minecraft:open_chest":8,"minecraft:crouch_one_cm":5193,"minecraft:play_time":52039,"minecraft:deaths":2,"minecraft:sneak_time":2138,"minecraft:walk_under_water_one_cm":5193,"minecraft:jump":1208,"minecraft:interact_with_blast_furnace":2,"minecraft:walk_on_water_one_cm":10858,"minecraft:total_world_time":52039,"minecraft:fall_one_cm":21437},"minecraft:crafted":{"minecraft:cooked_beef":7,"minecraft:oak_planks":44,"minecraft:cooked_porkchop":8,"minecraft:crafting_table":2,"minecraft:wooden_pickaxe":2,"minecraft:cooked_chicken":1,"minecraft:furnace":4,"minecraft:birch_planks":28,"minecraft:stone_axe":2,"minecraft:cooked_mutton":16,"minecraft:air":0,"minecraft:stick":40,"minecraft:stone_pickaxe":2,"minecraft:wooden_axe":3,"minecraft:white_bed":1,"minecraft:torch":96},"minecraft:picked_up":{"minecraft:birch_log":7,"minecraft:crafting_table":6,"minecraft:leather_chestplate":1,"minecraft:feather":1,"minecraft:chicken":1,"minecraft:tripwire_hook":1,"minecraft:glow_ink_sac":7,"minecraft:leather":2,"minecraft:golden_leggings":1,"minecraft:birch_planks":1,"minecraft:mushroom_stew":1,"minecraft:oak_log":15,"minecraft:dirt":17,"minecraft:bone":1,"minecraft:beef":7,"minecraft:iron_sword":1,"minecraft:piston":1,"minecraft:furnace":5,"hexerei:animal_fat":4,"minecraft:stick":2,"minecraft:raw_iron":7,"minecraft:cooked_porkchop":1,"minecraft:torch":1,"minecraft:porkchop":8,"minecraft:blast_furnace":2,"minecraft:red_banner":1,"minecraft:white_bed":1,"minecraft:carrot":8,"minecraft:dark_oak_log":30,"minecraft:mossy_cobblestone":1,"minecraft:dark_oak_planks":1,"minecraft:yellow_banner":1,"minecraft:arrow":2,"minecraft:hay_block":15,"minecraft:iron_helmet":1,"minecraft:granite":3,"minecraft:bread":5,"minecraft:black_wool":2,"minecraft:mutton":17,"minecraft:coal":69,"minecraft:white_wool":9,"minecraft:cobblestone":52},"minecraft:mined":{"minecraft:yellow_wall_banner":1,"minecraft:white_bed":1,"minecraft:mossy_cobblestone":1,"minecraft:dark_oak_log":30,"minecraft:crafting_table":6,"minecraft:granite":1,"minecraft:blast_furnace":2,"minecraft:grass_block":7,"minecraft:calcite":2,"minecraft:soul_campfire":1,"minecraft:hay_block":15,"minecraft:furnace":5,"minecraft:birch_log":7,"minecraft:purple_concrete":1,"minecraft:red_wall_banner":1,"minecraft:grass":4,"minecraft:oak_log":15,"minecraft:coal_ore":69,"minecraft:deepslate_iron_ore":7,"minecraft:dirt":10,"minecraft:stone":57}},"DataVersion":3465}