{"stats":{"minecraft:broken":{"minecraft:stone_axe":1,"minecraft:stone_pickaxe":1},"minecraft:killed":{"minecraft:husk":1,"minecraft:pig":6,"minecraft:sheep":11,"minecraft:skeleton":3,"minecraft:zombie":3,"minecraft:chicken":1,"minecraft:cow":6},"minecraft:used":{"minecraft:cooked_mutton":13,"minecraft:stone_pickaxe":172,"minecraft:chest":2,"minecraft:wooden_pickaxe":49,"minecraft:iron_sword":13,"minecraft:torch":50,"minecraft:dirt":19,"minecraft:crafting_table":8,"minecraft:mushroom_stew":3,"minecraft:white_bed":2,"minecraft:dark_oak_planks":59,"minecraft:wooden_axe":23,"minecraft:black_wool":1,"minecraft:stone_axe":108,"minecraft:cobblestone":36,"minecraft:furnace":7,"minecraft:cooked_porkchop":6,"minecraft:cooked_beef":3,"minecraft:experience_bottle":2},"minecraft:dropped":{"minecraft:piston":1,"minecraft:stripped_mangrove_wood":4,"minecraft:mossy_cobblestone":1,"minecraft:granite":14,"minecraft:cooked_mutton":3,"minecraft:dirt":1,"minecraft:wooden_axe":2,"minecraft:red_nether_bricks":6,"minecraft:wooden_pickaxe":1,"minecraft:calcite":4,"minecraft:tripwire_hook":1,"minecraft:white_wool":1,"minecraft:egg":1,"minecraft:cyan_carpet":1},"minecraft:custom":{"minecraft:interact_with_furnace":25,"minecraft:mob_kills":31,"minecraft:interact_with_crafting_table":18,"minecraft:open_barrel":12,"minecraft:time_since_death":37070,"minecraft:sleep_in_bed":4,"minecraft:climb_one_cm":1937,"minecraft:time_since_rest":4752,"minecraft:sprint_one_cm":279661,"minecraft:damage_taken":1965,"minecraft:walk_one_cm":202132,"minecraft:drop":18,"minecraft:damage_dealt":4461,"minecraft:swim_one_cm":30026,"minecraft:fly_one_cm":407441,"minecraft:open_chest":12,"minecraft:crouch_one_cm":11666,"minecraft:play_time":88039,"minecraft:deaths":2,"minecraft:sneak_time":5188,"minecraft:walk_under_water_one_cm":6055,"minecraft:jump":2064,"minecraft:interact_with_blast_furnace":2,"minecraft:walk_on_water_one_cm":16103,"minecraft:total_world_time":88039,"minecraft:fall_one_cm":46169},"minecraft:crafted":{"minecraft:cooked_beef":7,"minecraft:oak_planks":44,"minecraft:cooked_porkchop":8,"minecraft:crafting_table":2,"minecraft:wooden_pickaxe":2,"minecraft:cooked_chicken":1,"minecraft:furnace":4,"minecraft:birch_planks":28,"minecraft:stone_axe":2,"minecraft:cooked_mutton":16,"minecraft:air":0,"minecraft:stick":52,"minecraft:stone_pickaxe":3,"minecraft:wooden_axe":3,"minecraft:chest":2,"minecraft:white_bed":2,"minecraft:dark_oak_planks":120,"minecraft:torch":96},"minecraft:picked_up":{"minecraft:birch_log":7,"minecraft:crafting_table":9,"minecraft:leather_chestplate":2,"minecraft:cooked_beef":6,"minecraft:feather":1,"minecraft:chicken":1,"minecraft:tripwire_hook":1,"minecraft:glow_ink_sac":7,"minecraft:leather":9,"minecraft:golden_leggings":1,"minecraft:birch_planks":2,"minecraft:potion":2,"minecraft:mushroom_stew":8,"minecraft:oak_log":15,"minecraft:brewing_stand":1,"minecraft:dirt":23,"minecraft:red_nether_bricks":6,"minecraft:iron_leggings":1,"minecraft:cooked_mutton":4,"minecraft:bone":3,"minecraft:cyan_carpet":1,"minecraft:apple":9,"minecraft:stone_pickaxe":1,"minecraft:beef":13,"minecraft:calcite":4,"minecraft:iron_sword":1,"minecraft:piston":1,"minecraft:egg":1,"minecraft:stripped_mangrove_wood":4,"minecraft:furnace":11,"minecraft:book":33,"hexerei:animal_fat":6,"minecraft:stick":2,"minecraft:raw_iron":15,"minecraft:cooked_porkchop":4,"minecraft:torch":46,"minecraft:porkchop":13,"minecraft:cake":1,"minecraft:blast_furnace":4,"minecraft:red_banner":2,"minecraft:white_bed":2,"minecraft:carrot":31,"minecraft:dark_oak_log":60,"minecraft:mossy_cobblestone":1,"minecraft:dark_oak_planks":7,"minecraft:yellow_banner":2,"minecraft:arrow":5,"minecraft:stone_axe":1,"minecraft:hay_block":30,"minecraft:iron_helmet":1,"minecraft:granite":16,"minecraft:golden_apple":1,"minecraft:glistering_melon_slice":5,"minecraft:gold_ingot":7,"minecraft:bread":12,"minecraft:black_wool":2,"minecraft:mutton":19,"minecraft:coal":110,"minecraft:white_wool":14,"minecraft:cobblestone":86},"minecraft:mined":{"minecraft:dark_oak_planks":9,"minecraft:mangrove_stairs":1,"minecraft:yellow_wall_banner":1,"minecraft:white_bed":2,"minecraft:mossy_cobblestone":1,"minecraft:red_nether_bricks":11,"minecraft:dark_oak_log":30,"minecraft:brewing_stand":1,"minecraft:crafting_table":8,"minecraft:granite":14,"minecraft:blast_furnace":2,"minecraft:grass_block":10,"minecraft:calcite":7,"minecraft:soul_campfire":1,"minecraft:hay_block":15,"minecraft:furnace":8,"minecraft:birch_log":7,"minecraft:iron_ore":8,"minecraft:purple_concrete":1,"minecraft:red_wall_banner":1,"minecraft:grass":5,"minecraft:bookshelf":11,"minecraft:oak_log":15,"minecraft:coal_ore":69,"minecraft:deepslate_iron_ore":7,"minecraft:cyan_carpet":1,"minecraft:dirt":15,"minecraft:stripped_mangrove_wood":4,"minecraft:stone":91}},"DataVersion":3465}