{"stats":{"minecraft:used":{"minecraft:crafting_table":1},"minecraft:custom":{"minecraft:jump":74,"minecraft:open_chest":1,"minecraft:time_since_rest":4039,"minecraft:damage_dealt":190,"minecraft:walk_on_water_one_cm":6,"minecraft:sprint_one_cm":8416,"minecraft:play_time":4039,"minecraft:damage_taken":252,"minecraft:time_since_death":4039,"minecraft:walk_one_cm":16039,"minecraft:sneak_time":60,"minecraft:total_world_time":4039,"minecraft:walk_under_water_one_cm":368,"minecraft:interact_with_crafting_table":1,"minecraft:fall_one_cm":2638,"minecraft:fly_one_cm":9168,"minecraft:open_barrel":2},"minecraft:crafted":{"minecraft:crafting_table":1,"minecraft:stick":16,"minecraft:oak_planks":24},"minecraft:picked_up":{"minecraft:oak_log":6},"minecraft:mined":{"minecraft:oak_log":6}},"DataVersion":3465}