{"stats":{"minecraft:broken":{"minecraft:stone_pickaxe":1},"minecraft:killed":{"minecraft:cave_spider":4,"minecraft:spider":3,"minecraft:skeleton":8,"minecraft:chicken":2,"artifacts:mimic":1,"minecraft:husk":1,"minecraft:pig":8,"minecraft:zombie_villager":1,"minecraft:creeper":3,"minecraft:sheep":4,"minecraft:pillager":1,"minecraft:zombie":15,"minecraft:cow":6},"minecraft:used":{"minecraft:stone_sword":60,"minecraft:blue_terracotta":2,"minecraft:spruce_planks":1,"minecraft:shield":15,"farmersdelight:cabbage":1,"minecraft:iron_sword":116,"minecraft:cooked_salmon":4,"minecraft:torch":36,"minecraft:dirt":22,"minecraft:mutton":2,"minecraft:carrot":5,"minecraft:honey_bottle":4,"minecraft:item_frame":1,"minecraft:rabbit_stew":3,"minecraft:purple_concrete":1,"minecraft:bow":4,"minecraft:cooked_cod":4,"minecraft:furnace":5,"minecraft:egg":4,"minecraft:cooked_beef":6,"minecraft:cobbled_deepslate":19,"minecraft:cooked_mutton":5,"minecraft:water_bucket":17,"minecraft:stone_pickaxe":219,"minecraft:oak_planks":4,"minecraft:wooden_pickaxe":79,"minecraft:sugar_cane":2,"minecraft:golden_apple":1,"farmersdelight:onion":1,"minecraft:crafting_table":14,"minecraft:blast_furnace":2,"minecraft:cake":1,"minecraft:smoker":2,"minecraft:dark_prismarine":1,"minecraft:flower_pot":1,"minecraft:diamond_pickaxe":3,"minecraft:bread":8,"minecraft:iron_pickaxe":126,"minecraft:leather_helmet":1,"minecraft:stone_axe":63,"minecraft:cobblestone":55,"minecraft:cooked_porkchop":10,"minecraft:bucket":18,"minecraft:pumpkin_pie":2},"minecraft:killed_by":{"minecraft:zombie":1},"minecraft:dropped":{"minecraft:piston":1,"minecraft:wheat_seeds":2,"farmersdelight:skillet":1,"minecraft:glass_bottle":1,"minecraft:crafting_table":1,"minecraft:cobblestone":75,"minecraft:amethyst_block":3,"minecraft:leather":1,"travelersbackpack:standard":1,"minecraft:coal":8,"minecraft:dark_oak_log":6,"farmersdelight:onion":5,"minecraft:amethyst_shard":1,"minecraft:sand":5,"minecraft:purple_wool":1,"minecraft:white_wool":1,"minecraft:bone":1,"artifacts:kitty_slippers":2,"minecraft:bowl":3,"farmersdelight:cabbage_seeds":1,"minecraft:raw_iron":11,"minecraft:leather_chestplate":1,"supplementaries:ash":4,"minecraft:shield":2,"minecraft:allium":12,"minecraft:spider_eye":1,"minecraft:rabbit_stew":2,"minecraft:wooden_pickaxe":5,"artifacts:snowshoes":1,"minecraft:egg":1},"minecraft:custom":{"minecraft:interact_with_smithing_table":1,"minecraft:mob_kills":58,"minecraft:interact_with_crafting_table":30,"minecraft:open_barrel":17,"goblintraders:trade_with_goblin":9,"minecraft:damage_dealt_resisted":125,"minecraft:eat_cake_slice":5,"minecraft:leave_game":3,"minecraft:time_since_death":16625,"minecraft:climb_one_cm":1401,"minecraft:damage_resisted":96,"minecraft:sprint_one_cm":414772,"minecraft:walk_one_cm":369974,"minecraft:damage_blocked_by_shield":990,"minecraft:drop":44,"minecraft:play_time":145783,"minecraft:sneak_time":3424,"minecraft:deaths":7,"minecraft:walk_under_water_one_cm":14561,"minecraft:jump":2957,"minecraft:interact_with_blast_furnace":11,"minecraft:walk_on_water_one_cm":29547,"minecraft:total_world_time":145783,"minecraft:interact_with_furnace":44,"minecraft:sleep_in_bed":4,"minecraft:time_since_rest":16650,"minecraft:damage_taken":4973,"minecraft:damage_dealt":8608,"minecraft:swim_one_cm":30334,"minecraft:fly_one_cm":552716,"minecraft:open_chest":5,"minecraft:crouch_one_cm":10893,"minecraft:interact_with_smoker":5,"minecraft:fall_one_cm":87984},"minecraft:crafted":{"minecraft:oak_planks":80,"minecraft:furnace":2,"minecraft:bone_meal":6,"travelersbackpack:white_sleeping_bag":2,"minecraft:bow":1,"minecraft:iron_boots":1,"minecraft:stone_pickaxe":2,"minecraft:chest":2,"minecraft:dark_oak_planks":48,"minecraft:cooked_beef":4,"minecraft:cooked_cod":4,"minecraft:cooked_porkchop":15,"minecraft:crafting_table":10,"minecraft:iron_helmet":1,"minecraft:wooden_pickaxe":4,"travelersbackpack:standard":2,"minecraft:cooked_salmon":4,"minecraft:bucket":1,"minecraft:birch_planks":4,"minecraft:stone_axe":2,"minecraft:air":0,"minecraft:jungle_planks":12,"minecraft:white_wool":3,"minecraft:iron_chestplate":1,"minecraft:shield":4,"minecraft:white_dye":6,"minecraft:stick":36,"minecraft:iron_ingot":49,"minecraft:iron_pickaxe":1,"minecraft:stone_sword":1,"minecraft:iron_leggings":1,"minecraft:torch":40},"minecraft:picked_up":{"minecraft:crafting_table":7,"minecraft:chicken":5,"minecraft:allium":12,"minecraft:purple_wool":3,"minecraft:flower_pot":2,"minecraft:anvil":3,"minecraft:rabbit_stew":6,"minecraft:smithing_table":1,"minecraft:wooden_pickaxe":9,"minecraft:brick":68,"minecraft:amethyst_block":3,"minecraft:string":62,"minecraft:cooked_salmon":4,"minecraft:item_frame":1,"minecraft:gold_nugget":60,"minecraft:cobbled_deepslate":130,"farmersdelight:cabbage":1,"minecraft:spruce_planks":43,"minecraft:beef":9,"minecraft:calcite":4,"minecraft:iron_pickaxe":2,"minecraft:sugar_cane":2,"minecraft:chest":1,"minecraft:birch_sapling":1,"minecraft:piston":1,"farmersdelight:cabbage_seeds":1,"minecraft:furnace":5,"minecraft:egg":8,"minecraft:stick":3,"minecraft:raw_iron":133,"minecraft:torch":21,"minecraft:porkchop":15,"minecraft:white_dye":6,"minecraft:carrot":2,"minecraft:dark_oak_planks":4,"minecraft:stone_sword":1,"minecraft:honey_bottle":3,"minecraft:arrow":22,"minecraft:rotten_flesh":25,"minecraft:pumpkin_pie":1,"farmersdelight:onion":6,"artifacts:snowshoes":1,"supplementaries:ash":86,"minecraft:mutton":6,"minecraft:rail":3,"minecraft:white_wool":11,"minecraft:cobblestone":290,"minecraft:birch_log":7,"minecraft:feather":5,"minecraft:leather_chestplate":2,"minecraft:cooked_beef":9,"minecraft:water_bucket":2,"minecraft:salmon":4,"minecraft:jungle_log":3,"minecraft:leather":19,"minecraft:smoker":5,"minecraft:mushroom_stew":3,"minecraft:tuff":2,"minecraft:oak_log":20,"minecraft:gunpowder":2,"farmersdelight:skillet":1,"minecraft:lapis_lazuli":45,"minecraft:dirt":29,"minecraft:cooked_mutton":5,"minecraft:bone":34,"minecraft:wheat_seeds":2,"minecraft:iron_ingot":16,"minecraft:stone_pickaxe":2,"artifacts:kitty_slippers":2,"minecraft:glass_bottle":1,"minecraft:iron_sword":4,"minecraft:oak_planks":38,"minecraft:purple_concrete":1,"hexerei:animal_fat":7,"minecraft:sand":10,"minecraft:amethyst_shard":73,"minecraft:blast_furnace":3,"minecraft:dark_oak_log":60,"minecraft:spider_eye":1,"minecraft:dark_prismarine":2,"minecraft:blue_terracotta":2,"minecraft:diamond":28,"minecraft:stone_axe":4,"minecraft:granite":1,"minecraft:golden_apple":2,"minecraft:gray_wool":2,"minecraft:bread":8,"minecraft:black_wool":2,"minecraft:coal":58,"minecraft:diamond_pickaxe":1},"minecraft:mined":{"minecraft:dark_prismarine":1,"minecraft:spruce_planks":23,"minecraft:tuff":2,"minecraft:deepslate_diamond_ore":6,"minecraft:dark_oak_log":18,"minecraft:granite":1,"minecraft:grass_block":3,"minecraft:decorated_pot":4,"minecraft:jungle_log":3,"farmersdelight:wild_cabbages":1,"minecraft:spawner":4,"farmersdelight:wild_onions":6,"minecraft:furnace":3,"minecraft:iron_ore":22,"minecraft:cobbled_deepslate":4,"minecraft:fire":4,"minecraft:deepslate_lapis_ore":2,"minecraft:anvil":1,"minecraft:deepslate_iron_ore":47,"minecraft:vine":1,"minecraft:rail":2,"minecraft:stone":165,"minecraft:smithing_table":1,"minecraft:smoker":3,"minecraft:amethyst_cluster":2,"minecraft:crafting_table":5,"minecraft:torch":1,"minecraft:blast_furnace":3,"minecraft:calcite":2,"minecraft:cobblestone":6,"minecraft:sugar_cane":2,"minecraft:oak_planks":4,"minecraft:wall_torch":1,"minecraft:amethyst_block":18,"supplementaries:urn":19,"minecraft:purple_wool":1,"minecraft:blue_terracotta":2,"minecraft:birch_log":6,"minecraft:birch_leaves":1,"minecraft:purple_concrete":1,"minecraft:grass":14,"minecraft:oak_log":21,"minecraft:coal_ore":24,"minecraft:dirt":15,"minecraft:cobweb":17,"minecraft:oak_leaves":4,"minecraft:deepslate":75}},"DataVersion":3465}