{"stats":{"minecraft:killed":{"minecraft:pig":8,"minecraft:zombie_villager":1,"minecraft:sheep":2,"minecraft:pillager":1,"minecraft:cow":3},"minecraft:used":{"minecraft:cooked_mutton":3,"minecraft:blue_terracotta":2,"minecraft:stone_pickaxe":29,"minecraft:oak_planks":1,"minecraft:wooden_pickaxe":16,"minecraft:iron_sword":26,"minecraft:cooked_salmon":2,"minecraft:dirt":9,"minecraft:crafting_table":4,"minecraft:bread":4,"minecraft:leather_helmet":1,"minecraft:stone_axe":29,"minecraft:purple_concrete":1,"minecraft:cobblestone":1,"minecraft:furnace":1,"minecraft:cooked_cod":4},"minecraft:dropped":{"minecraft:piston":1},"minecraft:custom":{"minecraft:interact_with_furnace":7,"minecraft:mob_kills":15,"minecraft:interact_with_crafting_table":6,"minecraft:open_barrel":6,"minecraft:leave_game":2,"minecraft:time_since_death":26694,"minecraft:climb_one_cm":498,"minecraft:time_since_rest":26694,"minecraft:sprint_one_cm":111001,"minecraft:damage_taken":639,"minecraft:walk_one_cm":54827,"minecraft:drop":1,"minecraft:damage_dealt":1420,"minecraft:swim_one_cm":3630,"minecraft:fly_one_cm":103363,"minecraft:open_chest":3,"minecraft:crouch_one_cm":1858,"minecraft:play_time":26694,"minecraft:sneak_time":393,"minecraft:walk_under_water_one_cm":759,"minecraft:jump":527,"minecraft:walk_on_water_one_cm":2796,"minecraft:total_world_time":26694,"minecraft:fall_one_cm":12429},"minecraft:crafted":{"minecraft:cooked_cod":4,"minecraft:oak_planks":24,"minecraft:crafting_table":4,"minecraft:wooden_pickaxe":1,"minecraft:furnace":1,"minecraft:cooked_salmon":2,"minecraft:birch_planks":4,"minecraft:stone_axe":1,"minecraft:air":0,"minecraft:stick":8,"minecraft:stone_pickaxe":1},"minecraft:picked_up":{"minecraft:birch_log":7,"minecraft:crafting_table":1,"minecraft:leather_chestplate":1,"minecraft:purple_wool":1,"minecraft:flower_pot":1,"minecraft:salmon":2,"minecraft:leather":5,"minecraft:oak_log":9,"minecraft:brick":16,"minecraft:dirt":9,"minecraft:cooked_mutton":3,"minecraft:beef":5,"minecraft:birch_sapling":1,"minecraft:iron_sword":1,"minecraft:piston":1,"minecraft:egg":1,"minecraft:purple_concrete":1,"minecraft:furnace":1,"hexerei:animal_fat":7,"minecraft:torch":1,"minecraft:porkchop":15,"minecraft:dark_oak_log":18,"minecraft:blue_terracotta":2,"minecraft:rotten_flesh":2,"minecraft:bread":4,"minecraft:mutton":1,"minecraft:coal":16,"minecraft:white_wool":1,"minecraft:cobblestone":26},"minecraft:mined":{"minecraft:dark_oak_log":18,"minecraft:crafting_table":1,"minecraft:grass_block":2,"minecraft:decorated_pot":3,"minecraft:purple_wool":1,"minecraft:blue_terracotta":2,"minecraft:furnace":1,"minecraft:birch_log":6,"minecraft:birch_leaves":1,"minecraft:purple_concrete":1,"minecraft:grass":3,"minecraft:coal_ore":4,"minecraft:oak_log":10,"minecraft:dirt":7,"minecraft:stone":27,"minecraft:oak_leaves":1}},"DataVersion":3465}