{"stats":{"minecraft:killed":{"minecraft:sheep":1},"minecraft:used":{"minecraft:cooked_mutton":3,"minecraft:bread":3,"minecraft:oak_planks":1,"minecraft:leather_helmet":1,"minecraft:wooden_pickaxe":16,"minecraft:purple_concrete":1,"minecraft:dirt":9,"minecraft:cobblestone":1,"minecraft:crafting_table":2},"minecraft:custom":{"minecraft:time_since_rest":14694,"minecraft:sprint_one_cm":38288,"minecraft:damage_taken":444,"minecraft:walk_one_cm":23365,"minecraft:mob_kills":1,"minecraft:damage_dealt":186,"minecraft:swim_one_cm":3630,"minecraft:interact_with_crafting_table":3,"minecraft:fly_one_cm":50546,"minecraft:open_barrel":6,"minecraft:open_chest":3,"minecraft:crouch_one_cm":876,"minecraft:play_time":14694,"minecraft:sneak_time":249,"minecraft:walk_under_water_one_cm":759,"minecraft:jump":259,"minecraft:leave_game":2,"minecraft:walk_on_water_one_cm":2796,"minecraft:time_since_death":14694,"minecraft:total_world_time":14694,"minecraft:climb_one_cm":498,"minecraft:fall_one_cm":7254},"minecraft:crafted":{"minecraft:oak_planks":24,"minecraft:crafting_table":2,"minecraft:stick":8,"minecraft:wooden_pickaxe":1,"minecraft:stone_pickaxe":1},"minecraft:picked_up":{"minecraft:flower_pot":1,"minecraft:oak_log":6,"minecraft:brick":16,"minecraft:dirt":9,"minecraft:cooked_mutton":3,"minecraft:bread":4,"minecraft:birch_sapling":1,"minecraft:purple_concrete":1,"minecraft:cobblestone":6},"minecraft:mined":{"minecraft:birch_leaves":1,"minecraft:purple_concrete":1,"minecraft:grass":3,"minecraft:grass_block":2,"minecraft:oak_log":6,"minecraft:decorated_pot":3,"minecraft:dirt":7,"minecraft:stone":6,"minecraft:oak_leaves":1}},"DataVersion":3465}