{"stats":{"minecraft:killed":{"minecraft:cave_spider":4,"minecraft:pig":8,"minecraft:zombie_villager":1,"minecraft:spider":1,"minecraft:sheep":2,"minecraft:pillager":1,"minecraft:cow":3},"minecraft:used":{"minecraft:water_bucket":8,"minecraft:cooked_mutton":3,"minecraft:blue_terracotta":2,"minecraft:stone_pickaxe":103,"minecraft:oak_planks":1,"minecraft:wooden_pickaxe":16,"minecraft:iron_sword":61,"minecraft:cooked_salmon":2,"minecraft:torch":1,"minecraft:dirt":9,"minecraft:crafting_table":8,"minecraft:flower_pot":1,"minecraft:bread":4,"minecraft:leather_helmet":1,"minecraft:stone_axe":33,"minecraft:purple_concrete":1,"minecraft:cobblestone":36,"minecraft:cooked_porkchop":6,"minecraft:furnace":2,"minecraft:cooked_cod":4,"minecraft:bucket":9,"minecraft:cobbled_deepslate":7},"minecraft:dropped":{"minecraft:piston":1,"minecraft:wheat_seeds":1,"minecraft:leather":1,"travelersbackpack:standard":1,"minecraft:coal":8,"minecraft:leather_chestplate":1,"minecraft:shield":1,"minecraft:purple_wool":1},"minecraft:custom":{"minecraft:interact_with_furnace":26,"minecraft:mob_kills":20,"minecraft:interact_with_crafting_table":18,"minecraft:open_barrel":6,"minecraft:leave_game":2,"minecraft:time_since_death":18758,"minecraft:climb_one_cm":498,"minecraft:time_since_rest":18792,"minecraft:sprint_one_cm":164497,"minecraft:damage_taken":1522,"minecraft:walk_one_cm":102569,"minecraft:drop":8,"minecraft:damage_dealt":2108,"minecraft:swim_one_cm":3630,"minecraft:fly_one_cm":145920,"minecraft:open_chest":3,"minecraft:crouch_one_cm":3547,"minecraft:play_time":50694,"minecraft:deaths":1,"minecraft:sneak_time":1096,"minecraft:walk_under_water_one_cm":1957,"minecraft:jump":839,"minecraft:walk_on_water_one_cm":17730,"minecraft:total_world_time":50694,"minecraft:fall_one_cm":27938},"minecraft:crafted":{"minecraft:cooked_cod":4,"minecraft:oak_planks":36,"minecraft:cooked_porkchop":15,"minecraft:crafting_table":5,"travelersbackpack:standard":2,"minecraft:wooden_pickaxe":1,"minecraft:furnace":1,"minecraft:cooked_salmon":2,"minecraft:bone_meal":6,"minecraft:bucket":1,"minecraft:birch_planks":4,"minecraft:stone_axe":1,"minecraft:air":0,"travelersbackpack:white_sleeping_bag":2,"minecraft:white_wool":3,"minecraft:shield":2,"minecraft:white_dye":6,"minecraft:stick":8,"minecraft:iron_ingot":8,"minecraft:stone_pickaxe":1,"minecraft:chest":2,"minecraft:dark_oak_planks":20},"minecraft:picked_up":{"minecraft:birch_log":7,"minecraft:crafting_table":3,"minecraft:leather_chestplate":2,"minecraft:purple_wool":3,"minecraft:flower_pot":2,"minecraft:salmon":4,"minecraft:leather":14,"minecraft:wooden_pickaxe":1,"minecraft:tuff":1,"minecraft:oak_log":9,"minecraft:brick":32,"minecraft:string":21,"minecraft:dirt":9,"minecraft:cooked_mutton":3,"minecraft:bone":2,"minecraft:wheat_seeds":1,"minecraft:cobbled_deepslate":15,"minecraft:beef":5,"minecraft:stone_pickaxe":1,"minecraft:oak_planks":8,"minecraft:chest":1,"minecraft:birch_sapling":1,"minecraft:iron_sword":2,"minecraft:piston":1,"minecraft:egg":2,"minecraft:purple_concrete":1,"minecraft:furnace":2,"hexerei:animal_fat":7,"minecraft:raw_iron":12,"minecraft:stick":2,"minecraft:torch":2,"minecraft:porkchop":15,"minecraft:dark_oak_log":36,"minecraft:spider_eye":1,"minecraft:blue_terracotta":2,"minecraft:rotten_flesh":5,"minecraft:stone_axe":1,"minecraft:gray_wool":2,"minecraft:bread":4,"supplementaries:ash":5,"minecraft:black_wool":2,"minecraft:mutton":2,"minecraft:coal":25,"minecraft:rail":1,"minecraft:white_wool":8,"minecraft:cobblestone":61},"minecraft:mined":{"minecraft:tuff":1,"minecraft:dark_oak_log":18,"minecraft:crafting_table":3,"minecraft:grass_block":2,"minecraft:decorated_pot":3,"minecraft:oak_planks":2,"minecraft:spawner":1,"supplementaries:urn":2,"minecraft:purple_wool":1,"minecraft:blue_terracotta":2,"minecraft:furnace":2,"minecraft:birch_log":6,"minecraft:iron_ore":8,"minecraft:cobbled_deepslate":4,"minecraft:birch_leaves":1,"minecraft:purple_concrete":1,"minecraft:grass":11,"minecraft:coal_ore":8,"minecraft:oak_log":10,"minecraft:deepslate_iron_ore":3,"minecraft:rail":2,"minecraft:dirt":7,"minecraft:cobweb":16,"minecraft:stone":62,"minecraft:deepslate":15,"minecraft:oak_leaves":2}},"DataVersion":3465}