{"stats":{"minecraft:killed":{"minecraft:pig":8,"minecraft:zombie_villager":1,"minecraft:sheep":2,"minecraft:pillager":1,"minecraft:cow":3},"minecraft:used":{"minecraft:cooked_mutton":3,"minecraft:blue_terracotta":2,"minecraft:stone_pickaxe":79,"minecraft:oak_planks":1,"minecraft:wooden_pickaxe":16,"minecraft:iron_sword":26,"minecraft:cooked_salmon":2,"minecraft:dirt":9,"minecraft:crafting_table":5,"minecraft:flower_pot":1,"minecraft:bread":4,"minecraft:leather_helmet":1,"minecraft:stone_axe":29,"minecraft:purple_concrete":1,"minecraft:cobblestone":30,"minecraft:cooked_porkchop":3,"minecraft:furnace":2,"minecraft:cooked_cod":4},"minecraft:dropped":{"minecraft:piston":1,"minecraft:wheat_seeds":1,"minecraft:coal":8,"minecraft:leather_chestplate":1,"minecraft:purple_wool":1},"minecraft:custom":{"minecraft:interact_with_furnace":26,"minecraft:mob_kills":15,"minecraft:interact_with_crafting_table":11,"minecraft:open_barrel":6,"minecraft:leave_game":2,"minecraft:time_since_death":6758,"minecraft:climb_one_cm":498,"minecraft:time_since_rest":6792,"minecraft:sprint_one_cm":148388,"minecraft:damage_taken":1240,"minecraft:walk_one_cm":77552,"minecraft:drop":5,"minecraft:damage_dealt":1420,"minecraft:swim_one_cm":3630,"minecraft:fly_one_cm":135594,"minecraft:open_chest":3,"minecraft:crouch_one_cm":3005,"minecraft:play_time":38694,"minecraft:deaths":1,"minecraft:sneak_time":876,"minecraft:walk_under_water_one_cm":759,"minecraft:jump":768,"minecraft:walk_on_water_one_cm":2796,"minecraft:total_world_time":38694,"minecraft:fall_one_cm":25619},"minecraft:crafted":{"minecraft:cooked_cod":4,"minecraft:oak_planks":36,"minecraft:cooked_porkchop":15,"minecraft:crafting_table":4,"minecraft:wooden_pickaxe":1,"minecraft:furnace":1,"minecraft:cooked_salmon":2,"minecraft:birch_planks":4,"minecraft:stone_axe":1,"minecraft:air":0,"minecraft:shield":2,"minecraft:stick":8,"minecraft:iron_ingot":8,"minecraft:stone_pickaxe":1,"minecraft:chest":1,"minecraft:dark_oak_planks":8},"minecraft:picked_up":{"minecraft:birch_log":7,"minecraft:crafting_table":1,"minecraft:leather_chestplate":2,"minecraft:purple_wool":3,"minecraft:flower_pot":2,"minecraft:salmon":4,"minecraft:leather":10,"minecraft:wooden_pickaxe":1,"minecraft:tuff":1,"minecraft:oak_log":9,"minecraft:brick":32,"minecraft:dirt":9,"minecraft:cooked_mutton":3,"minecraft:wheat_seeds":1,"minecraft:cobbled_deepslate":1,"minecraft:beef":5,"minecraft:stone_pickaxe":1,"minecraft:oak_planks":8,"minecraft:chest":1,"minecraft:birch_sapling":1,"minecraft:iron_sword":2,"minecraft:piston":1,"minecraft:egg":2,"minecraft:purple_concrete":1,"minecraft:furnace":2,"hexerei:animal_fat":7,"minecraft:raw_iron":8,"minecraft:stick":2,"minecraft:torch":2,"minecraft:porkchop":15,"minecraft:dark_oak_log":36,"minecraft:blue_terracotta":2,"minecraft:rotten_flesh":5,"minecraft:stone_axe":1,"minecraft:gray_wool":2,"minecraft:bread":4,"minecraft:black_wool":2,"minecraft:mutton":2,"minecraft:coal":25,"minecraft:white_wool":8,"minecraft:cobblestone":61},"minecraft:mined":{"minecraft:tuff":1,"minecraft:dark_oak_log":18,"minecraft:crafting_table":1,"minecraft:grass_block":2,"minecraft:decorated_pot":3,"minecraft:purple_wool":1,"minecraft:blue_terracotta":2,"minecraft:furnace":2,"minecraft:birch_log":6,"minecraft:iron_ore":8,"minecraft:birch_leaves":1,"minecraft:purple_concrete":1,"minecraft:grass":11,"minecraft:coal_ore":8,"minecraft:oak_log":10,"minecraft:dirt":7,"minecraft:stone":62,"minecraft:deepslate":1,"minecraft:oak_leaves":2}},"DataVersion":3465}