{"stats":{"minecraft:broken":{"minecraft:stone_sword":1,"minecraft:stone_pickaxe":2},"minecraft:killed":{"minecraft:cave_spider":4,"minecraft:witch":2,"minecraft:spider":3,"minecraft:skeleton":9,"minecraft:chicken":2,"artifacts:mimic":1,"minecraft:husk":5,"minecraft:pig":20,"minecraft:zombie_villager":1,"minecraft:creeper":3,"minecraft:sheep":4,"minecraft:pillager":1,"minecraft:zombie":23,"minecraft:cow":10},"minecraft:used":{"minecraft:stone_sword":134,"minecraft:blue_terracotta":2,"minecraft:spruce_planks":1,"minecraft:shield":15,"farmersdelight:cabbage":1,"minecraft:iron_sword":136,"minecraft:cooked_salmon":4,"minecraft:cooked_chicken":7,"minecraft:torch":62,"minecraft:dirt":30,"minecraft:mutton":2,"minecraft:chainmail_chestplate":1,"minecraft:carrot":5,"minecraft:diamond_helmet":1,"minecraft:honey_bottle":4,"minecraft:item_frame":1,"minecraft:rabbit_stew":3,"minecraft:purple_concrete":1,"minecraft:bow":4,"minecraft:cooked_cod":4,"minecraft:furnace":8,"minecraft:egg":4,"minecraft:cooked_beef":9,"hexerei:witch_hazel_drying_rack":1,"minecraft:cobbled_deepslate":19,"minecraft:cooked_mutton":5,"minecraft:water_bucket":22,"minecraft:leather_leggings":1,"hexerei:pestle_and_mortar":1,"minecraft:mangrove_planks":2,"minecraft:stone_pickaxe":355,"minecraft:oak_planks":4,"minecraft:leather_chestplate":1,"minecraft:wooden_pickaxe":79,"minecraft:sugar_cane":2,"minecraft:golden_apple":1,"farmersdelight:onion":1,"minecraft:crafting_table":20,"minecraft:mushroom_stew":1,"minecraft:blast_furnace":4,"minecraft:cake":1,"minecraft:smoker":4,"minecraft:dark_prismarine":1,"minecraft:flower_pot":1,"minecraft:diamond_pickaxe":3,"minecraft:bread":8,"minecraft:iron_pickaxe":126,"minecraft:leather_helmet":1,"hexerei:witch_hazel_altar":1,"minecraft:stone_axe":105,"minecraft:cobblestone":92,"minecraft:chainmail_boots":1,"minecraft:cooked_porkchop":14,"minecraft:andesite":1,"minecraft:bucket":24,"minecraft:pumpkin_pie":4},"minecraft:killed_by":{"minecraft:zombie":1},"minecraft:dropped":{"minecraft:piston":1,"minecraft:wheat_seeds":6,"farmersdelight:skillet":1,"minecraft:glass_bottle":3,"minecraft:dripstone_block":2,"minecraft:crafting_table":1,"minecraft:feather":5,"minecraft:cobblestone":75,"minecraft:amethyst_block":3,"minecraft:leather":1,"minecraft:granite":1,"travelersbackpack:standard":1,"minecraft:coal":8,"minecraft:dark_oak_log":6,"farmersdelight:onion":5,"minecraft:amethyst_shard":1,"minecraft:sand":10,"minecraft:purple_wool":1,"minecraft:white_wool":2,"minecraft:cyan_carpet":2,"minecraft:bone":1,"minecraft:stone_axe":1,"hexerei:sage_seed":6,"minecraft:black_carpet":3,"artifacts:kitty_slippers":2,"minecraft:cobbled_deepslate":2,"minecraft:bowl":3,"minecraft:wheat":2,"farmersdelight:cabbage_seeds":1,"minecraft:raw_iron":11,"minecraft:rotten_flesh":7,"supplementaries:antique_ink":8,"supplementaries:flax_seeds":6,"minecraft:potato":1,"minecraft:leather_chestplate":1,"supplementaries:ash":54,"minecraft:stone":7,"minecraft:shield":2,"minecraft:allium":12,"minecraft:spider_eye":1,"minecraft:rabbit_stew":2,"minecraft:wooden_pickaxe":6,"minecraft:calcite":2,"artifacts:snowshoes":1,"minecraft:egg":1},"minecraft:custom":{"minecraft:interact_with_smithing_table":1,"minecraft:mob_kills":91,"minecraft:interact_with_crafting_table":62,"minecraft:open_barrel":21,"goblintraders:trade_with_goblin":9,"minecraft:damage_dealt_resisted":125,"minecraft:eat_cake_slice":6,"minecraft:leave_game":3,"minecraft:time_since_death":21078,"minecraft:climb_one_cm":22993,"minecraft:damage_resisted":96,"minecraft:sprint_one_cm":576446,"minecraft:walk_one_cm":537704,"minecraft:damage_blocked_by_shield":990,"minecraft:drop":81,"minecraft:play_time":211783,"minecraft:sneak_time":3588,"minecraft:deaths":8,"minecraft:walk_under_water_one_cm":22713,"minecraft:interact_with_lectern":4,"minecraft:jump":4172,"minecraft:interact_with_blast_furnace":29,"minecraft:walk_on_water_one_cm":43948,"minecraft:total_world_time":211783,"minecraft:interact_with_furnace":64,"minecraft:sleep_in_bed":5,"minecraft:time_since_rest":6292,"minecraft:damage_absorbed":40,"minecraft:damage_taken":6096,"minecraft:damage_dealt":14072,"minecraft:swim_one_cm":51154,"minecraft:fly_one_cm":827521,"minecraft:open_chest":8,"minecraft:crouch_one_cm":11680,"minecraft:interact_with_smoker":16,"minecraft:fall_one_cm":121031},"minecraft:crafted":{"minecraft:smooth_stone":3,"minecraft:oak_planks":80,"minecraft:raw_iron":9,"minecraft:cooked_chicken":4,"minecraft:furnace":5,"minecraft:blast_furnace":1,"minecraft:stone":10,"minecraft:bone_meal":6,"travelersbackpack:white_sleeping_bag":3,"minecraft:bow":1,"minecraft:iron_boots":1,"minecraft:stone_pickaxe":3,"minecraft:chest":3,"minecraft:dark_oak_planks":48,"minecraft:smoker":1,"minecraft:cooked_beef":4,"minecraft:cooked_cod":4,"minecraft:cooked_porkchop":31,"minecraft:crafting_table":15,"minecraft:iron_helmet":1,"minecraft:wooden_pickaxe":4,"travelersbackpack:standard":3,"minecraft:iron_sword":1,"minecraft:cooked_salmon":4,"minecraft:mangrove_planks":16,"minecraft:bucket":2,"minecraft:birch_planks":4,"minecraft:stone_axe":2,"minecraft:bread":4,"minecraft:air":0,"minecraft:jungle_planks":12,"minecraft:white_wool":3,"minecraft:iron_chestplate":1,"minecraft:shield":5,"minecraft:white_dye":6,"minecraft:stick":36,"minecraft:iron_ingot":189,"minecraft:iron_pickaxe":1,"minecraft:iron_block":8,"minecraft:stone_sword":1,"minecraft:iron_leggings":1,"minecraft:acacia_planks":28,"minecraft:torch":40},"minecraft:picked_up":{"minecraft:black_carpet":3,"minecraft:turtle_helmet":1,"minecraft:wheat":4,"minecraft:crafting_table":9,"minecraft:chicken":9,"minecraft:allium":12,"minecraft:purple_wool":3,"minecraft:flower_pot":2,"minecraft:anvil":3,"minecraft:rabbit_stew":6,"minecraft:leather_leggings":1,"minecraft:smithing_table":1,"minecraft:wooden_pickaxe":9,"minecraft:brick":72,"minecraft:amethyst_block":3,"minecraft:string":71,"minecraft:cooked_salmon":4,"minecraft:red_candle":2,"minecraft:cyan_carpet":2,"minecraft:item_frame":1,"minecraft:iron_shovel":1,"minecraft:gold_nugget":122,"minecraft:cobbled_deepslate":132,"farmersdelight:cabbage":1,"minecraft:spruce_planks":48,"minecraft:beef":19,"minecraft:calcite":4,"minecraft:iron_nugget":30,"minecraft:iron_pickaxe":2,"minecraft:sugar_cane":2,"minecraft:chest":1,"minecraft:birch_sapling":1,"minecraft:iron_boots":1,"minecraft:piston":1,"farmersdelight:cabbage_seeds":1,"minecraft:furnace":9,"minecraft:egg":8,"minecraft:stick":6,"minecraft:raw_iron":257,"minecraft:stripped_mangrove_wood":4,"minecraft:acacia_log":11,"minecraft:torch":73,"minecraft:porkchop":37,"minecraft:white_dye":6,"minecraft:carrot":2,"minecraft:dark_oak_planks":7,"hexerei:sage_seed":6,"minecraft:stone_sword":2,"minecraft:honey_bottle":3,"minecraft:arrow":31,"minecraft:rotten_flesh":32,"minecraft:pumpkin_pie":3,"farmersdelight:onion":6,"artifacts:snowshoes":1,"supplementaries:antique_ink":8,"supplementaries:ash":157,"minecraft:mutton":6,"minecraft:rail":3,"minecraft:white_wool":14,"minecraft:cobblestone":355,"minecraft:birch_log":7,"minecraft:feather":15,"minecraft:leather_chestplate":2,"minecraft:cooked_beef":9,"minecraft:andesite":1,"minecraft:water_bucket":3,"minecraft:salmon":4,"minecraft:jungle_log":3,"hexerei:witch_hazel_drying_rack":1,"minecraft:leather":36,"minecraft:birch_planks":9,"minecraft:smoker":8,"minecraft:potato":2,"minecraft:mushroom_stew":7,"minecraft:chainmail_chestplate":1,"minecraft:tuff":2,"minecraft:oak_log":20,"supplementaries:flax_seeds":6,"minecraft:gunpowder":2,"farmersdelight:skillet":1,"minecraft:lapis_lazuli":45,"minecraft:dirt":35,"minecraft:cooked_mutton":5,"minecraft:bone":54,"hexerei:wax_blend":6,"hexerei:pestle_and_mortar":1,"minecraft:wheat_seeds":6,"minecraft:cooked_chicken":5,"minecraft:iron_ingot":63,"minecraft:stone_pickaxe":3,"artifacts:kitty_slippers":2,"minecraft:mangrove_planks":2,"minecraft:diamond_helmet":1,"minecraft:glass_bottle":1,"minecraft:iron_sword":5,"minecraft:oak_planks":69,"minecraft:purple_concrete":1,"hexerei:animal_fat":29,"minecraft:cooked_porkchop":16,"minecraft:dripstone_block":2,"minecraft:raw_iron_block":1,"minecraft:sand":15,"minecraft:amethyst_shard":73,"minecraft:blast_furnace":9,"minecraft:dark_oak_log":60,"minecraft:spider_eye":2,"hexerei:witch_hazel_altar":1,"minecraft:dark_prismarine":2,"minecraft:blue_terracotta":2,"minecraft:diamond":28,"minecraft:stone_axe":6,"minecraft:granite":1,"minecraft:golden_apple":2,"minecraft:gray_wool":2,"minecraft:bread":12,"minecraft:black_wool":2,"minecraft:coal":58,"minecraft:diamond_pickaxe":1},"minecraft:mined":{"minecraft:dark_oak_planks":3,"minecraft:dark_prismarine":1,"minecraft:spruce_planks":23,"minecraft:tuff":2,"minecraft:deepslate_diamond_ore":6,"minecraft:dark_oak_log":18,"minecraft:granite":1,"minecraft:acacia_log":11,"minecraft:grass_block":4,"minecraft:decorated_pot":4,"minecraft:jungle_log":3,"farmersdelight:wild_cabbages":1,"minecraft:spawner":6,"farmersdelight:wild_onions":6,"minecraft:raw_iron_block":1,"minecraft:furnace":6,"minecraft:iron_ore":59,"minecraft:cobbled_deepslate":4,"minecraft:fire":4,"minecraft:andesite":1,"minecraft:deepslate_lapis_ore":2,"minecraft:anvil":1,"minecraft:deepslate_iron_ore":73,"minecraft:vine":1,"minecraft:rail":2,"minecraft:stripped_mangrove_wood":4,"minecraft:stone":205,"minecraft:white_wool":3,"hexerei:witch_hazel_altar":1,"minecraft:smithing_table":1,"hexerei:witch_hazel_drying_rack":1,"minecraft:smoker":5,"minecraft:amethyst_cluster":2,"minecraft:crafting_table":7,"minecraft:torch":5,"minecraft:blast_furnace":8,"minecraft:calcite":2,"minecraft:cobblestone":9,"minecraft:sugar_cane":2,"minecraft:oak_planks":5,"minecraft:wall_torch":2,"minecraft:amethyst_block":18,"supplementaries:urn":43,"minecraft:red_candle":1,"minecraft:purple_wool":1,"minecraft:blue_terracotta":2,"minecraft:birch_log":6,"minecraft:birch_leaves":1,"minecraft:purple_concrete":1,"minecraft:mangrove_planks":2,"minecraft:grass":29,"minecraft:oak_log":21,"minecraft:coal_ore":24,"minecraft:dripstone_block":1,"minecraft:dirt":20,"minecraft:cobweb":26,"minecraft:oak_leaves":4,"minecraft:deepslate":76}},"DataVersion":3465}