{"stats":{"minecraft:picked_up":{"chococraft:loverly_gysahl_green":12,"minecraft:iron_chestplate":6,"minecraft:flower_pot":1,"minecraft:potion":12,"minecraft:enchanted_book":3,"minecraft:string":55,"minecraft:waxed_cut_copper_slab":1,"minecraft:iron_leggings":2,"minecraft:experience_bottle":17,"minecraft:gold_nugget":19,"minecraft:cobbled_deepslate":633,"minecraft:spruce_planks":68,"minecraft:trial_key":25,"minecraft:iron_pickaxe":11,"minecraft:coal_block":36,"farmersdelight:cabbage_seeds":2,"minecraft:furnace":7,"minecraft:tipped_arrow":494,"minecraft:stick":54,"minecraft:torch":104,"minecraft:spruce_stairs":2,"minecraft:porkchop":9,"minecraft:honey_bottle":3,"minecraft:rotten_flesh":3,"supplementaries:antique_ink":1,"minecraft:iron_block":11,"supplementaries:ash":19,"minecraft:obsidian":26,"minecraft:cod":5,"minecraft:snowball":11,"minecraft:cobblestone":144,"minecraft:cooked_beef":33,"farmersdelight:rice":3,"minecraft:water_bucket":6,"minecraft:andesite":1,"minecraft:smoker":3,"minecraft:potato":26,"minecraft:tuff":9,"minecraft:lapis_lazuli":18,"minecraft:dirt":4,"minecraft:lantern":16,"minecraft:bone":144,"minecraft:bow":1,"minecraft:wheat_seeds":1,"minecraft:bolt_armor_trim_smithing_template":4,"minecraft:bamboo":2,"minecraft:moss_block":3,"minecraft:oak_planks":20,"minecraft:cooked_porkchop":18,"minecraft:jungle_planks":8,"minecraft:stripped_spruce_log":30,"minecraft:dead_bush":1,"artifacts:plastic_drinking_hat":1,"minecraft:diamond":9,"waystones:waystone":3,"minecraft:crossbow":15,"minecraft:breeze_rod":4,"minecraft:bread":66,"minecraft:emerald":194,"minecraft:chainmail_helmet":1,"minecraft:dark_oak_fence":1,"minecraft:ominous_trial_key":5,"minecraft:diamond_pickaxe":4,"minecraft:charcoal":106,"minecraft:crafting_table":5,"minecraft:ominous_bottle":9,"minecraft:chicken":2,"minecraft:ladder":1,"minecraft:diamond_horse_armor":2,"minecraft:brick":25,"minecraft:shield":1,"minecraft:wind_charge":27,"minecraft:moss_carpet":3,"minecraft:iron_axe":3,"minecraft:beef":33,"minecraft:iron_nugget":19,"minecraft:guster_pottery_sherd":1,"minecraft:waxed_oxidized_copper":1,"minecraft:egg":6,"minecraft:raw_iron":25,"minecraft:spruce_fence":15,"minecraft:fire_charge":3,"minecraft:flow_pottery_sherd":1,"minecraft:stone_button":1,"minecraft:trident":1,"minecraft:arrow":513,"minecraft:diamond_chestplate":1,"minecraft:decorated_pot":13,"minecraft:pumpkin_pie":1,"minecraft:shears":2,"minecraft:hay_block":7,"minecraft:flow_armor_trim_smithing_template":3,"minecraft:saddle":1,"minecraft:gold_ingot":6,"minecraft:mutton":8,"minecraft:skeleton_skull":1,"minecraft:white_wool":7,"minecraft:mud_bricks":12,"minecraft:golden_carrot":8,"minecraft:leather":18,"minecraft:filled_map":3,"minecraft:packed_mud":1,"minecraft:blue_bed":4,"minecraft:cooked_mutton":8,"chococraft:chocobo_feather":10,"chococraft:gysahl_green":65,"minecraft:light_blue_banner":1,"minecraft:apple":48,"minecraft:gray_carpet":2,"chococraft:gold_gysahl":1,"minecraft:iron_ingot":142,"minecraft:cooked_chicken":11,"minecraft:glass_bottle":1,"minecraft:iron_sword":5,"minecraft:oak_slab":4,"minecraft:book":31,"minecraft:lava_bucket":1,"chococraft:gysahl_green_seeds":6,"minecraft:spider_eye":32,"minecraft:oak_wood":51,"minecraft:diamond_axe":11,"minecraft:baked_potato":37,"minecraft:coal":14,"minecraft:ender_pearl":2},"minecraft:crafted":{"minecraft:oak_planks":60,"chococraft:chocobo_whistle":1,"minecraft:cooked_mutton":8,"minecraft:iron_boots":2,"minecraft:chest":3,"travelersbackpack:iron_tier_upgrade":1,"minecraft:cooked_porkchop":9,"minecraft:crafting_table":7,"minecraft:spruce_planks":104,"travelersbackpack:standard":2,"minecraft:wooden_pickaxe":1,"minecraft:baked_potato":12,"minecraft:iron_helmet":2,"minecraft:smithing_table":1,"minecraft:shield":4,"morevanillashields:obsidian_shield":2,"minecraft:stick":20,"minecraft:iron_ingot":30,"minecraft:stone_sword":1,"minecraft:shears":1,"chococraft:chocobo_saddle_pack":1,"minecraft:coal":18,"travelersbackpack:blank_upgrade":4,"chococraft:chocobo_saddle_bags":1,"travelersbackpack:white_sleeping_bag":1,"minecraft:stone_pickaxe":1,"minecraft:wheat":63,"minecraft:cooked_beef":23,"minecraft:stone_axe":1,"minecraft:air":0,"minecraft:bread":21,"chococraft:chocobo_saddle":1,"minecraft:iron_leggings":1,"minecraft:torch":80},"minecraft:used":{"minecraft:ladder":1,"minecraft:decorated_pot":1,"minecraft:chest":2,"minecraft:shield":91,"minecraft:iron_sword":385,"morevanillashields:obsidian_shield":58,"minecraft:jungle_planks":5,"minecraft:snowball":11,"minecraft:lava_bucket":1,"minecraft:lantern":8,"minecraft:packed_mud":1,"minecraft:iron_helmet":1,"minecraft:ominous_bottle":2,"minecraft:furnace":4,"minecraft:egg":1,"minecraft:stone_pickaxe":4,"minecraft:wooden_pickaxe":16,"minecraft:blue_bed":3,"minecraft:diamond_axe":133,"minecraft:crossbow":77,"waystones:waystone":2,"minecraft:bread":58,"minecraft:stone_button":1,"minecraft:smithing_table":1,"minecraft:dark_oak_fence":1,"chococraft:gysahl_green":3,"minecraft:experience_bottle":3,"minecraft:stone_sword":32,"minecraft:spruce_planks":74,"minecraft:cooked_chicken":5,"minecraft:trial_key":9,"minecraft:torch":41,"minecraft:dirt":6,"minecraft:spruce_stairs":2,"minecraft:iron_axe":76,"minecraft:iron_boots":2,"minecraft:golden_carrot":7,"minecraft:cooked_beef":13,"minecraft:cobbled_deepslate":289,"minecraft:water_bucket":21,"minecraft:baked_potato":31,"minecraft:crafting_table":10,"minecraft:book":2,"minecraft:diamond_pickaxe":20,"minecraft:apple":13,"minecraft:ominous_trial_key":3,"minecraft:wind_charge":8,"minecraft:iron_pickaxe":253,"minecraft:stone_axe":33,"minecraft:cobblestone":41,"minecraft:potion":2,"minecraft:cooked_porkchop":9,"minecraft:bucket":21,"minecraft:pumpkin_pie":1,"minecraft:splash_potion":1},"minecraft:killed":{"minecraft:cave_spider":28,"minecraft:spider":30,"minecraft:skeleton":28,"minecraft:pig":2,"minecraft:zombie":4,"minecraft:donkey":3,"minecraft:stray":38,"minecraft:cow":9,"minecraft:horse":3,"creepycreepers:ghostly_creeper":1,"minecraft:breeze":1,"minecraft:player":1,"minecraft:enderman":1},"minecraft:killed_by":{"minecraft:vindicator":1,"minecraft:player":2,"minecraft:skeleton":2},"minecraft:mined":{"minecraft:waxed_cut_copper_slab":1,"minecraft:spruce_planks":14,"minecraft:granite":2,"minecraft:coal_block":18,"minecraft:mud_bricks":1,"minecraft:tuff_bricks":4,"minecraft:spawner":1,"minecraft:iron_ore":18,"minecraft:cobbled_deepslate":23,"minecraft:fire":4,"minecraft:polished_tuff":2,"minecraft:dark_oak_stairs":1,"chococraft:gysahl_green":7,"betterarcheology:loot_vase":1,"minecraft:iron_block":5,"minecraft:smoker":1,"minecraft:cobblestone":6,"minecraft:wall_torch":2,"minecraft:light_gray_stained_glass":1,"minecraft:waxed_oxidized_copper":1,"minecraft:dirt":4,"minecraft:yellow_stained_glass":1,"minecraft:deepslate":142,"minecraft:deepslate_diamond_ore":4,"minecraft:dark_oak_fence":1,"minecraft:spruce_fence":8,"minecraft:decorated_pot":24,"minecraft:jungle_planks":6,"minecraft:moss_block":1,"minecraft:hay_block":9,"minecraft:light_blue_wall_banner":1,"minecraft:furnace":3,"minecraft:packed_mud":1,"minecraft:waxed_copper_grate":2,"minecraft:stripped_spruce_log":28,"minecraft:bookshelf":6,"minecraft:deepslate_iron_ore":5,"minecraft:lantern":3,"minecraft:packed_ice":8,"minecraft:stone":34,"supplementaries:book_pile_horizontal":1,"minecraft:oak_slab":1,"minecraft:scaffolding":2,"minecraft:crafting_table":3,"minecraft:short_grass":5,"minecraft:oak_wood":27,"minecraft:campfire":15,"minecraft:tall_grass":3,"minecraft:lapis_ore":1,"minecraft:blue_bed":3,"supplementaries:urn":8,"minecraft:spruce_stairs":2,"minecraft:ice":1,"minecraft:coal_ore":8,"minecraft:flower_pot":2,"minecraft:gray_carpet":1,"minecraft:cobweb":5},"minecraft:broken":{"minecraft:iron_boots":1,"minecraft:iron_leggings":1,"morevanillashields:obsidian_shield":1,"minecraft:iron_helmet":1},"minecraft:dropped":{"minecraft:guster_pottery_sherd":1,"minecraft:iron_sword":1,"chococraft:loverly_gysahl_green":4,"minecraft:cooked_beef":12,"minecraft:baked_potato":4,"minecraft:glass_bottle":2,"minecraft:ender_pearl":1,"minecraft:diamond":3,"minecraft:decorated_pot":8,"minecraft:crossbow":1,"minecraft:leather":1,"minecraft:saddle":1,"farmersdelight:rice":3,"minecraft:cod":5,"minecraft:emerald":3,"minecraft:dirt":2,"farmersdelight:onion":4,"morevanillashields:obsidian_shield":1,"minecraft:iron_pickaxe":4,"minecraft:white_wool":2,"minecraft:bone":2,"minecraft:waxed_cut_copper_slab":1,"minecraft:cooked_chicken":1,"minecraft:cobbled_deepslate":29,"minecraft:rotten_flesh":2,"minecraft:honey_bottle":3,"supplementaries:antique_ink":1,"minecraft:wind_charge":2,"supplementaries:ash":19,"minecraft:tipped_arrow":9,"minecraft:skeleton_skull":1,"minecraft:breeze_rod":2,"minecraft:arrow":55,"minecraft:egg":2,"minecraft:iron_ingot":9,"minecraft:enchanted_book":1,"minecraft:oak_slab":4,"minecraft:wheat_seeds":1,"minecraft:cobblestone":7,"minecraft:chainmail_helmet":1,"minecraft:stick":8,"minecraft:diamond_horse_armor":1,"minecraft:iron_block":5,"minecraft:waxed_oxidized_copper":1,"minecraft:dead_bush":1,"minecraft:gray_carpet":2,"minecraft:furnace":2,"minecraft:moss_carpet":3,"minecraft:flow_pottery_sherd":1,"chococraft:chocobo_feather":2,"minecraft:tuff":9,"minecraft:raw_iron":2,"minecraft:chicken":2,"minecraft:smoker":2,"minecraft:spruce_fence":14,"minecraft:shield":1,"minecraft:flower_pot":1,"minecraft:trial_key":16,"minecraft:iron_chestplate":2,"minecraft:diamond_pickaxe":2,"minecraft:andesite":1,"minecraft:spider_eye":9,"minecraft:wooden_pickaxe":1,"minecraft:brick":22},"minecraft:custom":{"minecraft:interact_with_crafting_table":38,"minecraft:open_barrel":17,"minecraft:bell_ring":3,"minecraft:eat_cake_slice":4,"minecraft:leave_game":3,"minecraft:time_since_death":1004,"minecraft:sprint_one_cm":655051,"minecraft:damage_blocked_by_shield":7768,"minecraft:drop":122,"minecraft:play_time":247126,"minecraft:deaths":6,"minecraft:jump":4054,"minecraft:walk_on_water_one_cm":40179,"minecraft:interact_with_furnace":47,"minecraft:sleep_in_bed":5,"minecraft:waystone_activated":3,"minecraft:damage_dealt":24597,"minecraft:player_kills":1,"minecraft:crouch_one_cm":34919,"minecraft:interact_with_smoker":16,"minecraft:inspect_dispenser":5,"minecraft:interact_with_smithing_table":4,"minecraft:mob_kills":154,"minecraft:damage_dealt_resisted":72,"minecraft:climb_one_cm":17688,"minecraft:walk_one_cm":661695,"minecraft:sneak_time":12546,"minecraft:walk_under_water_one_cm":4249,"minecraft:total_world_time":247126,"minecraft:tune_noteblock":5,"minecraft:time_since_rest":1034,"minecraft:damage_taken":9434,"minecraft:swim_one_cm":4943,"minecraft:fly_one_cm":862278,"minecraft:open_chest":108,"minecraft:fall_one_cm":139747}},"DataVersion":3953}