{"stats":{"minecraft:broken":{"minecraft:stone_pickaxe":1},"minecraft:killed":{"minecraft:cave_spider":4,"minecraft:pig":8,"minecraft:zombie_villager":1,"minecraft:spider":1,"minecraft:sheep":2,"minecraft:pillager":1,"minecraft:zombie":2,"minecraft:cow":3},"minecraft:used":{"minecraft:water_bucket":10,"minecraft:cooked_mutton":3,"minecraft:blue_terracotta":2,"minecraft:stone_pickaxe":131,"minecraft:oak_planks":1,"minecraft:shield":3,"minecraft:wooden_pickaxe":16,"minecraft:iron_sword":68,"minecraft:cooked_salmon":2,"minecraft:torch":15,"minecraft:dirt":9,"minecraft:crafting_table":9,"minecraft:flower_pot":1,"minecraft:bread":4,"minecraft:iron_pickaxe":20,"minecraft:leather_helmet":1,"minecraft:stone_axe":34,"minecraft:purple_concrete":1,"minecraft:cobblestone":36,"minecraft:cooked_porkchop":8,"minecraft:furnace":3,"minecraft:cooked_cod":4,"minecraft:bucket":11,"minecraft:cobbled_deepslate":15},"minecraft:dropped":{"minecraft:piston":1,"minecraft:wheat_seeds":1,"minecraft:amethyst_block":3,"minecraft:leather":1,"travelersbackpack:standard":1,"minecraft:coal":8,"minecraft:leather_chestplate":1,"minecraft:shield":1,"minecraft:spider_eye":1,"minecraft:purple_wool":1},"minecraft:custom":{"minecraft:interact_with_furnace":31,"minecraft:mob_kills":23,"minecraft:interact_with_crafting_table":19,"minecraft:open_barrel":6,"minecraft:leave_game":2,"minecraft:time_since_death":30758,"minecraft:sleep_in_bed":4,"minecraft:climb_one_cm":498,"minecraft:time_since_rest":1101,"minecraft:sprint_one_cm":193071,"minecraft:damage_taken":1653,"minecraft:walk_one_cm":134120,"minecraft:damage_blocked_by_shield":90,"minecraft:drop":12,"minecraft:damage_dealt":2674,"minecraft:swim_one_cm":3630,"minecraft:fly_one_cm":160023,"minecraft:open_chest":3,"minecraft:crouch_one_cm":4856,"minecraft:play_time":62694,"minecraft:deaths":1,"minecraft:sneak_time":1379,"minecraft:walk_under_water_one_cm":2537,"minecraft:jump":980,"minecraft:walk_on_water_one_cm":18388,"minecraft:total_world_time":62694,"minecraft:fall_one_cm":32022},"minecraft:crafted":{"minecraft:cooked_cod":4,"minecraft:oak_planks":36,"minecraft:cooked_porkchop":15,"minecraft:crafting_table":6,"travelersbackpack:standard":2,"minecraft:wooden_pickaxe":1,"minecraft:furnace":1,"minecraft:cooked_salmon":2,"minecraft:bone_meal":6,"minecraft:bucket":1,"minecraft:birch_planks":4,"minecraft:stone_axe":1,"minecraft:air":0,"travelersbackpack:white_sleeping_bag":2,"minecraft:white_wool":3,"minecraft:shield":2,"minecraft:white_dye":6,"minecraft:stick":12,"minecraft:iron_ingot":16,"minecraft:iron_pickaxe":1,"minecraft:stone_pickaxe":1,"minecraft:chest":2,"minecraft:dark_oak_planks":24,"minecraft:torch":16},"minecraft:picked_up":{"minecraft:birch_log":7,"minecraft:crafting_table":4,"minecraft:leather_chestplate":2,"minecraft:purple_wool":3,"minecraft:flower_pot":2,"minecraft:salmon":4,"minecraft:leather":14,"minecraft:wooden_pickaxe":1,"minecraft:tuff":1,"minecraft:oak_log":9,"minecraft:brick":32,"minecraft:amethyst_block":3,"minecraft:string":22,"minecraft:dirt":9,"minecraft:cooked_mutton":3,"minecraft:bone":4,"minecraft:wheat_seeds":1,"minecraft:cobbled_deepslate":35,"minecraft:beef":5,"minecraft:stone_pickaxe":1,"minecraft:oak_planks":8,"minecraft:chest":1,"minecraft:birch_sapling":1,"minecraft:iron_sword":2,"minecraft:piston":1,"minecraft:egg":2,"minecraft:purple_concrete":1,"minecraft:furnace":3,"hexerei:animal_fat":7,"minecraft:raw_iron":16,"minecraft:stick":2,"minecraft:torch":11,"minecraft:porkchop":15,"minecraft:amethyst_shard":8,"minecraft:dark_oak_log":36,"minecraft:spider_eye":1,"minecraft:blue_terracotta":2,"minecraft:rotten_flesh":6,"minecraft:stone_axe":1,"minecraft:gray_wool":2,"minecraft:bread":4,"supplementaries:ash":5,"minecraft:black_wool":2,"minecraft:mutton":2,"minecraft:coal":31,"minecraft:rail":1,"minecraft:white_wool":8,"minecraft:cobblestone":61},"minecraft:mined":{"minecraft:tuff":1,"minecraft:amethyst_cluster":2,"minecraft:dark_oak_log":18,"minecraft:crafting_table":4,"minecraft:grass_block":2,"minecraft:decorated_pot":3,"minecraft:oak_planks":2,"minecraft:amethyst_block":18,"minecraft:spawner":1,"supplementaries:urn":5,"minecraft:purple_wool":1,"minecraft:blue_terracotta":2,"minecraft:furnace":3,"minecraft:birch_log":6,"minecraft:iron_ore":8,"minecraft:cobbled_deepslate":4,"minecraft:birch_leaves":1,"minecraft:purple_concrete":1,"minecraft:grass":11,"minecraft:coal_ore":8,"minecraft:oak_log":10,"minecraft:deepslate_iron_ore":7,"minecraft:rail":2,"minecraft:dirt":7,"minecraft:cobweb":17,"minecraft:stone":62,"minecraft:deepslate":36,"minecraft:oak_leaves":2}},"DataVersion":3465}