{"stats":{"minecraft:broken":{"minecraft:stone_pickaxe":1},"minecraft:killed":{"minecraft:cave_spider":4,"minecraft:spider":2,"minecraft:skeleton":4,"artifacts:mimic":1,"minecraft:pig":8,"minecraft:zombie_villager":1,"minecraft:creeper":3,"minecraft:sheep":3,"minecraft:pillager":1,"minecraft:zombie":13,"minecraft:cow":3},"minecraft:used":{"minecraft:blue_terracotta":2,"minecraft:shield":15,"minecraft:iron_sword":116,"minecraft:cooked_salmon":4,"minecraft:torch":33,"minecraft:dirt":10,"minecraft:mutton":1,"minecraft:rabbit_stew":2,"minecraft:purple_concrete":1,"minecraft:bow":4,"minecraft:cooked_cod":4,"minecraft:furnace":4,"minecraft:egg":2,"minecraft:cooked_beef":5,"minecraft:cobbled_deepslate":19,"minecraft:cooked_mutton":4,"minecraft:water_bucket":17,"minecraft:stone_pickaxe":131,"minecraft:oak_planks":1,"minecraft:wooden_pickaxe":74,"minecraft:crafting_table":12,"minecraft:blast_furnace":2,"minecraft:smoker":2,"minecraft:flower_pot":1,"minecraft:diamond_pickaxe":3,"minecraft:bread":4,"minecraft:iron_pickaxe":126,"minecraft:leather_helmet":1,"minecraft:stone_axe":37,"minecraft:cobblestone":54,"minecraft:cooked_porkchop":10,"minecraft:bucket":18},"minecraft:killed_by":{"minecraft:zombie":1},"minecraft:dropped":{"minecraft:piston":1,"minecraft:wheat_seeds":1,"farmersdelight:skillet":1,"minecraft:crafting_table":1,"minecraft:cobblestone":75,"minecraft:amethyst_block":3,"minecraft:leather":1,"travelersbackpack:standard":1,"minecraft:coal":8,"minecraft:dark_oak_log":6,"minecraft:amethyst_shard":1,"minecraft:purple_wool":1,"minecraft:white_wool":1,"artifacts:kitty_slippers":2,"minecraft:bowl":2,"minecraft:raw_iron":11,"minecraft:leather_chestplate":1,"minecraft:shield":2,"minecraft:spider_eye":1,"minecraft:rabbit_stew":2,"minecraft:wooden_pickaxe":5,"artifacts:snowshoes":1,"minecraft:egg":1},"minecraft:custom":{"minecraft:interact_with_smithing_table":1,"minecraft:mob_kills":44,"minecraft:interact_with_crafting_table":27,"minecraft:open_barrel":14,"goblintraders:trade_with_goblin":9,"minecraft:leave_game":3,"minecraft:time_since_death":8433,"minecraft:climb_one_cm":1401,"minecraft:sprint_one_cm":350377,"minecraft:walk_one_cm":289062,"minecraft:damage_blocked_by_shield":990,"minecraft:drop":35,"minecraft:play_time":121783,"minecraft:sneak_time":2380,"minecraft:deaths":6,"minecraft:walk_under_water_one_cm":12117,"minecraft:jump":2318,"minecraft:interact_with_blast_furnace":11,"minecraft:walk_on_water_one_cm":24711,"minecraft:total_world_time":121783,"minecraft:interact_with_furnace":36,"minecraft:sleep_in_bed":4,"minecraft:time_since_rest":8495,"minecraft:damage_taken":3769,"minecraft:damage_dealt":6271,"minecraft:swim_one_cm":30035,"minecraft:fly_one_cm":379330,"minecraft:open_chest":4,"minecraft:crouch_one_cm":7789,"minecraft:interact_with_smoker":5,"minecraft:fall_one_cm":70416},"minecraft:crafted":{"minecraft:oak_planks":80,"minecraft:furnace":1,"minecraft:bone_meal":6,"travelersbackpack:white_sleeping_bag":2,"minecraft:bow":1,"minecraft:iron_boots":1,"minecraft:stone_pickaxe":1,"minecraft:chest":2,"minecraft:dark_oak_planks":48,"minecraft:cooked_cod":4,"minecraft:cooked_porkchop":15,"minecraft:crafting_table":9,"minecraft:iron_helmet":1,"minecraft:wooden_pickaxe":4,"travelersbackpack:standard":2,"minecraft:cooked_salmon":4,"minecraft:bucket":1,"minecraft:birch_planks":4,"minecraft:stone_axe":1,"minecraft:air":0,"minecraft:jungle_planks":12,"minecraft:white_wool":3,"minecraft:iron_chestplate":1,"minecraft:shield":4,"minecraft:white_dye":6,"minecraft:stick":24,"minecraft:iron_ingot":49,"minecraft:iron_pickaxe":1,"minecraft:iron_leggings":1,"minecraft:torch":16},"minecraft:picked_up":{"minecraft:crafting_table":7,"minecraft:purple_wool":3,"minecraft:flower_pot":2,"minecraft:anvil":3,"minecraft:rabbit_stew":4,"minecraft:smithing_table":1,"minecraft:wooden_pickaxe":8,"minecraft:brick":64,"minecraft:amethyst_block":3,"minecraft:string":62,"minecraft:cooked_salmon":4,"minecraft:gold_nugget":60,"minecraft:cobbled_deepslate":130,"minecraft:beef":5,"minecraft:iron_pickaxe":2,"minecraft:chest":1,"minecraft:birch_sapling":1,"minecraft:piston":1,"minecraft:furnace":5,"minecraft:egg":6,"minecraft:stick":2,"minecraft:raw_iron":119,"minecraft:torch":20,"minecraft:porkchop":15,"minecraft:white_dye":6,"minecraft:dark_oak_planks":4,"minecraft:arrow":9,"minecraft:rotten_flesh":25,"artifacts:snowshoes":1,"supplementaries:ash":78,"minecraft:mutton":5,"minecraft:rail":3,"minecraft:white_wool":10,"minecraft:cobblestone":217,"minecraft:birch_log":7,"minecraft:leather_chestplate":2,"minecraft:cooked_beef":9,"minecraft:water_bucket":2,"minecraft:salmon":4,"minecraft:jungle_log":3,"minecraft:leather":14,"minecraft:smoker":5,"minecraft:tuff":2,"minecraft:oak_log":20,"minecraft:gunpowder":2,"farmersdelight:skillet":1,"minecraft:lapis_lazuli":45,"minecraft:dirt":15,"minecraft:cooked_mutton":4,"minecraft:bone":24,"minecraft:wheat_seeds":1,"minecraft:iron_ingot":16,"minecraft:stone_pickaxe":1,"artifacts:kitty_slippers":2,"minecraft:iron_sword":4,"minecraft:oak_planks":8,"minecraft:purple_concrete":1,"hexerei:animal_fat":7,"minecraft:amethyst_shard":73,"minecraft:blast_furnace":3,"minecraft:dark_oak_log":60,"minecraft:spider_eye":1,"minecraft:blue_terracotta":2,"minecraft:diamond":28,"minecraft:stone_axe":3,"minecraft:gray_wool":2,"minecraft:bread":4,"minecraft:black_wool":2,"minecraft:coal":45,"minecraft:diamond_pickaxe":1},"minecraft:mined":{"minecraft:tuff":2,"minecraft:deepslate_diamond_ore":6,"minecraft:dark_oak_log":18,"minecraft:grass_block":3,"minecraft:decorated_pot":3,"minecraft:jungle_log":3,"minecraft:spawner":1,"minecraft:furnace":3,"minecraft:iron_ore":8,"minecraft:cobbled_deepslate":4,"minecraft:fire":4,"minecraft:deepslate_lapis_ore":2,"minecraft:anvil":1,"minecraft:deepslate_iron_ore":47,"minecraft:vine":1,"minecraft:rail":2,"minecraft:stone":112,"minecraft:smithing_table":1,"minecraft:smoker":3,"minecraft:amethyst_cluster":2,"minecraft:crafting_table":5,"minecraft:blast_furnace":3,"minecraft:cobblestone":6,"minecraft:oak_planks":2,"minecraft:wall_torch":1,"minecraft:amethyst_block":18,"supplementaries:urn":17,"minecraft:purple_wool":1,"minecraft:blue_terracotta":2,"minecraft:birch_log":6,"minecraft:birch_leaves":1,"minecraft:purple_concrete":1,"minecraft:grass":11,"minecraft:oak_log":21,"minecraft:coal_ore":11,"minecraft:dirt":11,"minecraft:cobweb":17,"minecraft:oak_leaves":4,"minecraft:deepslate":75}},"DataVersion":3465}